Season,Game,Week,Date,Market,Team,Opponent,Possesions,Possesions Against,Goals,2pt Goals,Goals Against,Score,Score Against,Efficiency,D Efficiency,Unassisted Goals,Unassisted Shots,Unassisted Sh. %,Unassisted goals A,Unassisted Shots Against,Unassisted A%,Assisted Goals,Assisted Shots,Assisted Sh. %,Assisted Goals A,Assisted Sh A,Assisted A%,Shots,Shots A,Dodge G,Dodge Sh,Dodge Sh%,Dodge G A,Dodge Sh A,Dodge Sh% A,Two-man G,Two-man Sh,Two-man Sh%,Two-man G A,Two-man Sh A,Two-man Sh% A,Second Assists,Second AOs,Turnovers,AO-to-TO Ratio,PNR Assists,FB Possesion,FB Goals,FB Shots,FB Points,FB Turnovers,FB %,FB Possesion Against,FB Goals Against,FB Shots Against,FB Points Against,FB CTO,Settled Possesion,Settled Goal,Settled Shots,Settled Poss A,Settled Goals agaisnt,Settled Shots Against,Saves,Save %,Devitte,Unique Goal Scorers,Average Shot Distance,Average Assist Distance,TOP (sec),TOP %,Possession %,Result,Possesion Battle,P&W,Margin,Quality Shots,Tough Shots,Shot Quality Ratio,Quality Shots A,Tough Shots A,Shot Quality A Ratio,Shot Quality Margin,Expected Goals
2019,1,1,6/1/2019,Boston,Archers,Chrome,41,46,12,1,12,13,12,0.29,0.26,4,17,0.24,6,24,0.25,8,17,0.47,6,20,0.30,34,44,7,18,0.39,6,24,0.25,2,7,0.29,3,9,0.33,2,5,18,0.44,1,7,1,5,1,2,0.14,13,3,10,3,3,29,9,25,33,9,34,12,0.5,2,5,10.02170907,#DIV/0!,1177,0.41,0.47,W,L,0,1,12,22,1.8,19,25,1.3,0.5,13.6
2019,1,1,6/1/2019,Boston,Chrome,Archers,46,41,12,0,12,12,13,0.26,0.29,6,24,0.25,4,17,0.24,6,20,0.30,8,17,0.47,44,34,6,24,0.25,7,18,0.39,3,9,0.33,2,7,0.29,3,5,21,0.29,2,13,3,10,3,3,0.23,7,1,5,1,2,33,9,34,29,9,25,8,0.4,-3,7,10.00258634,#DIV/0!,1282,0.45,0.53,L,W,0,-1,19,25,1.3,12,22,1.8,-0.5,17.4
2019,2,1,6/1/2019,Boston,Whipsnakes,Chaos,44,43,15,0,13,15,14,0.34,0.30,8,36,0.22,9,21,0.43,7,18,0.39,4,15,0.27,54,36,7,32,0.22,5,14,0.36,2,5,0.40,3,7,0.43,3,6,14,0.50,1,11,3,11,3,0,0.27,13,4,10,5,3,28,8,36,20,7,20,12,0.5,8,9,10.68662751,#DIV/0!,1277,0.44,0.51,W,W,1,1,20,34,1.7,22,14,0.6,1.1,16.2
2019,2,1,6/1/2019,Boston,Chaos,Whipsnakes,43,44,13,1,15,14,15,0.30,0.34,9,21,0.43,8,36,0.22,4,15,0.27,7,18,0.39,36,54,5,14,0.36,7,32,0.22,3,7,0.43,2,5,0.40,2,4,16,0.25,0,13,4,10,5,3,0.31,11,3,11,3,0,20,7,20,28,8,36,12,0.4,1,8,10.13999008,#DIV/0!,1112,0.39,0.49,L,L,0,-1,22,14,0.6,20,34,1.7,-1.1,13.9
2019,3,1,6/2/2019,Boston,Atlas,Redwoods,43,42,9,0,11,9,11,0.21,0.26,2,22,0.09,5,32,0.16,7,21,0.33,6,22,0.27,43,54,3,17,0.18,5,26,0.19,2,5,0.40,1,7,0.14,5,9,14,0.50,1,17,3,17,3,1,0.18,13,3,13,3,1,24,6,20,23,5,28,22,0.7,2,6,10.53204727,#DIV/0!,1052,0.37,0.51,L,W,0,-2,14,29,2.1,23,31,1.3,0.7,14.5
2019,3,1,6/2/2019,Boston,Redwoods,Atlas,42,43,11,0,9,11,9,0.26,0.21,5,32,0.16,2,22,0.09,6,22,0.27,7,21,0.33,54,43,5,26,0.19,3,17,0.18,1,7,0.14,2,5,0.40,1,9,13,0.46,1,13,3,13,3,1,0.23,17,3,17,3,1,23,5,28,24,6,20,19,0.7,4,7,10.17659623,#DIV/0!,1279,0.44,0.49,W,L,0,2,23,31,1.3,14,29,2.1,-0.7,18.1
2019,4,2,6/8/2019,New York,Whipsnakes,Chrome,43,46,11,1,10,12,11,0.26,0.22,5,27,0.19,5,26,0.19,6,21,0.29,5,18,0.28,48,44,4,30,0.13,5,19,0.26,3,7,0.43,2,11,0.18,2,5,14,0.43,1,6,1,6,1,0,0.17,9,0,9,0,2,26,5,33,30,8,31,16,0.6,3,7,10.9090251,#DIV/0!,1325,0.46,0.48,W,L,0,1,16,32,2.0,22,22,1.0,1.0,15.6
2019,4,2,6/8/2019,New York,Chrome,Whipsnakes,46,43,10,1,11,11,12,0.22,0.26,5,26,0.19,5,27,0.19,5,18,0.28,6,21,0.29,44,48,5,19,0.26,4,30,0.13,2,11,0.18,3,7,0.43,2,4,22,0.23,0,9,0,9,0,2,0.00,6,1,6,1,0,30,8,31,26,5,33,17,0.6,-7,5,10.24206569,#DIV/0!,1438,0.50,0.52,L,W,0,-1,22,22,1.0,16,32,2.0,-1.0,16.7
2019,5,2,6/8/2019,New York,Redwoods,Archers,41,38,9,0,10,9,10,0.22,0.26,6,22,0.27,5,14,0.36,3,16,0.19,5,21,0.24,38,35,4,16,0.25,4,14,0.29,3,4,0.75,4,9,0.44,1,5,17,0.18,0,9,1,9,1,0,0.11,8,1,5,1,3,23,7,19,23,9,21,16,0.6,-5,6,10.706807,#DIV/0!,1116,0.39,0.52,L,W,0,-1,12,26,2.2,18,17,0.9,1.2,14.4
2019,5,2,6/8/2019,New York,Archers,Redwoods,38,41,10,0,9,10,9,0.26,0.22,5,14,0.36,6,22,0.27,5,21,0.24,3,16,0.19,35,38,4,14,0.29,4,16,0.25,4,9,0.44,3,4,0.75,2,8,17,0.29,3,8,1,5,1,3,0.13,9,1,9,1,0,23,9,21,23,7,19,16,0.6,-2,7,9.725293658,#DIV/0!,1169,0.41,0.48,W,L,0,1,18,17,0.9,12,26,2.2,-1.2,13.9
2019,6,2,6/9/2019,New York,Atlas,Chaos,46,40,12,1,15,13,18,0.26,0.38,4,18,0.22,7,20,0.35,8,23,0.35,8,24,0.33,41,44,1,12,0.08,4,18,0.22,1,5,0.20,4,9,0.44,4,13,16,0.50,0,13,6,10,7,3,0.46,12,5,10,8,2,17,3,19,25,9,28,12,0.4,4,9,10.19011572,#DIV/0!,1108,0.38,0.53,L,W,0,-5,23,18,0.8,14,30,2.1,-1.4,15.6
2019,6,2,6/9/2019,New York,Chaos,Atlas,40,46,15,3,12,18,13,0.38,0.26,7,20,0.35,4,18,0.22,8,24,0.33,8,23,0.35,44,41,4,18,0.22,1,12,0.08,4,9,0.44,1,5,0.20,4,8,13,0.62,3,12,5,10,8,2,0.42,13,6,10,7,3,25,9,28,17,3,19,16,0.6,10,8,11.03977537,#DIV/0!,1281,0.44,0.47,W,L,0,5,14,30,2.1,23,18,0.8,1.4,15.4
2019,7,3,6/15/2019,Chicago,Chaos,Redwoods,43,45,12,0,10,12,11,0.28,0.22,4,13,0.31,4,24,0.17,8,17,0.47,6,25,0.24,30,49,5,15,0.33,2,24,0.08,2,3,0.67,2,7,0.29,2,2,22,0.36,1,13,3,8,3,5,0.23,12,2,10,2,2,20,6,17,26,4,29,16,0.6,-2,6,8.434192385,#DIV/0!,1133,0.39,0.49,W,L,0,1,26,4,0.2,17,32,1.9,-1.7,15.2
2019,7,3,6/15/2019,Chicago,Redwoods,Chaos,45,43,10,1,12,11,12,0.22,0.28,4,24,0.17,4,13,0.31,6,25,0.24,8,17,0.47,49,30,2,24,0.08,5,15,0.33,2,7,0.29,2,3,0.67,2,9,15,0.40,1,12,2,10,2,2,0.17,13,3,8,3,5,26,4,29,20,6,17,8,0.4,1,7,11.18059383,#DIV/0!,1437,0.50,0.51,L,W,0,-1,17,32,1.9,26,4,0.2,1.7,15.3
2019,8,3,6/15/2019,Chicago,Whipsnakes,Archers,45,44,9,2,10,11,10,0.20,0.23,3,21,0.14,3,19,0.16,6,15,0.40,7,27,0.26,36,46,5,21,0.24,3,20,0.15,2,4,0.50,2,10,0.20,2,3,18,0.33,1,7,1,6,1,1,0.14,5,0,5,0,0,27,7,23,25,4,26,21,0.7,-3,5,12.41309932,#DIV/0!,1091,0.38,0.51,W,W,1,1,9,27,3.0,16,30,1.9,1.1,12.7
2019,8,3,6/15/2019,Chicago,Archers,Whipsnakes,44,45,10,0,9,10,11,0.23,0.20,3,19,0.16,3,21,0.14,7,27,0.26,6,15,0.40,46,36,3,20,0.15,5,21,0.24,2,10,0.20,2,4,0.50,1,5,15,0.47,1,5,0,5,0,0,0.00,7,1,6,1,1,25,4,26,27,7,23,13,0.6,2,6,11.04868576,#DIV/0!,1252,0.43,0.49,L,L,0,-1,16,30,1.9,9,27,3.0,-1.1,13.9
2019,9,3,6/16/2019,Chicago,Atlas,Chrome,42,39,12,1,10,13,12,0.29,0.26,5,17,0.29,4,21,0.19,7,18,0.39,6,21,0.29,35,42,3,14,0.21,5,21,0.24,4,7,0.57,3,9,0.33,3,8,18,0.39,3,15,3,9,4,6,0.20,9,3,8,3,1,22,7,21,21,5,26,17,0.6,1,6,9.73117564,#DIV/0!,1153,0.40,0.52,W,W,1,1,15,20,1.3,15,27,1.8,-0.5,15.2
2019,9,3,6/16/2019,Chicago,Chrome,Atlas,39,42,10,2,12,12,13,0.26,0.29,4,21,0.19,5,17,0.29,6,21,0.29,7,18,0.39,42,35,5,21,0.24,3,14,0.21,3,9,0.33,4,7,0.57,2,5,12,0.50,2,9,3,8,3,1,0.33,15,3,9,4,6,21,5,26,22,7,21,11,0.5,4,6,10.42459479,#DIV/0!,1144,0.40,0.48,L,L,0,-1,15,27,1.8,15,20,1.3,0.5,15.3
2019,10,4,6/22/2019,Baltimore,Redwoods,Chrome,42,40,13,0,9,13,11,0.31,0.23,5,25,0.20,4,23,0.17,8,17,0.47,5,16,0.31,42,39,3,20,0.15,5,19,0.26,3,6,0.50,3,7,0.43,6,10,14,0.57,2,11,8,11,8,1,0.73,12,1,8,2,5,26,5,24,22,8,23,14,0.6,7,9,9.930943145,#DIV/0!,1120,0.39,0.51,W,W,1,2,15,27,1.8,18,21,1.2,0.6,15.7
2019,10,4,6/22/2019,Baltimore,Chrome,Redwoods,40,42,9,2,13,11,13,0.23,0.31,4,23,0.17,5,25,0.20,5,16,0.31,8,17,0.47,39,42,5,19,0.26,3,20,0.15,3,7,0.43,3,6,0.50,1,3,21,0.24,0,12,1,8,2,5,0.08,11,8,11,8,1,22,8,23,26,5,24,10,0.4,-7,7,10.05660945,#DIV/0!,1183,0.41,0.49,L,L,0,-2,18,21,1.2,15,27,1.8,-0.6,14.5
2019,11,4,6/22/2019,Baltimore,Atlas,Whipsnakes,35,34,9,1,12,10,15,0.26,0.35,4,19,0.21,5,31,0.16,5,18,0.28,7,20,0.35,37,51,5,19,0.26,3,19,0.16,0,5,0.00,4,12,0.33,1,3,15,0.33,0,9,2,9,3,1,0.22,16,4,13,5,3,27,6,23,21,6,26,17,0.6,-1,6,10.4691107,#DIV/0!,1081,0.38,0.51,L,W,0,-5,16,21,1.3,16,35,2.2,-0.9,13.2
2019,11,4,6/22/2019,Baltimore,Whipsnakes,Atlas,34,35,12,3,9,15,10,0.35,0.26,5,31,0.16,4,19,0.21,7,20,0.35,5,18,0.28,51,37,3,19,0.16,5,19,0.26,4,12,0.33,0,5,0.00,3,10,10,0.70,2,16,4,13,5,3,0.25,9,2,9,3,1,21,6,26,27,6,23,15,0.6,9,6,10.68906747,#DIV/0!,1301,0.45,0.49,W,L,0,5,16,35,2.2,16,21,1.3,0.9,16.1
2019,12,4,6/23/2019,Baltimore,Archers,Chaos,45,45,12,1,12,13,14,0.27,0.27,4,19,0.21,2,13,0.15,8,26,0.31,10,22,0.45,45,35,4,17,0.24,5,17,0.29,2,12,0.17,1,6,0.17,4,10,15,0.53,1,13,3,9,3,4,0.23,9,3,7,5,2,22,6,26,22,5,20,10,0.5,5,7,11.16414431,#DIV/0!,1154,0.40,0.50,L,L,0,-1,23,22,1.0,21,14,0.7,0.3,14.6
2019,12,4,6/23/2019,Baltimore,Chaos,Archers,45,45,12,2,12,14,13,0.27,0.27,2,13,0.15,4,19,0.21,10,22,0.45,8,26,0.31,35,45,5,17,0.29,4,17,0.24,1,6,0.17,2,12,0.17,5,7,24,0.42,0,9,3,7,5,2,0.33,13,3,9,3,4,22,5,20,22,6,26,20,0.6,-2,8,9.900451248,#DIV/0!,1308,0.45,0.50,W,L,0,1,21,14,0.7,23,22,1.0,-0.3,16.9
2019,13,5,6/28/2019,Atlanta,Atlas,Archers,35,29,13,0,11,13,12,0.37,0.38,6,18,0.33,3,12,0.25,7,19,0.37,8,21,0.38,37,33,6,19,0.32,1,9,0.11,3,9,0.33,3,11,0.27,2,5,16,0.44,2,7,3,5,3,2,0.43,6,3,5,4,1,23,10,28,18,4,17,10,0.5,4,7,8.720620094,#DIV/0!,1328,0.46,0.55,W,W,1,1,18,19,1.1,15,18,1.2,-0.1,15.1
2019,13,5,6/28/2019,Atlanta,Archers,Atlas,29,35,11,1,13,12,13,0.38,0.37,3,12,0.25,6,18,0.33,8,21,0.38,7,19,0.37,33,37,1,9,0.11,6,19,0.32,3,11,0.27,3,9,0.33,4,6,11,0.73,1,6,3,5,4,1,0.50,7,3,5,3,2,18,4,17,23,10,28,10,0.4,8,7,10.6549112,#DIV/0!,1069,0.37,0.45,L,L,0,-1,15,18,1.2,18,19,1.1,0.1,11.8
2019,14,5,6/29/2019,Atlanta,Chaos,Chrome,45,42,14,1,14,15,14,0.31,0.33,6,24,0.25,9,26,0.35,8,20,0.40,5,20,0.25,44,46,4,15,0.27,6,24,0.25,3,10,0.30,3,10,0.30,1,5,15,0.53,1,13,5,13,6,2,0.38,7,1,6,1,1,24,7,22,26,11,34,12,0.5,7,10,9.951862823,#DIV/0!,1170,0.41,0.52,W,W,1,1,17,27,1.6,19,27,1.4,0.2,15.0
2019,14,5,6/29/2019,Atlanta,Chrome,Chaos,42,45,14,0,14,14,15,0.33,0.31,9,26,0.35,6,24,0.25,5,20,0.25,8,20,0.40,46,44,6,24,0.25,4,15,0.27,3,10,0.30,3,10,0.30,0,2,14,0.36,2,7,1,6,1,1,0.14,13,5,13,6,2,26,11,34,24,7,22,16,0.5,5,8,9.011070451,#DIV/0!,1157,0.40,0.48,L,L,0,-1,19,27,1.4,17,27,1.6,-0.2,15.2
2019,15,5,6/29/2019,Atlanta,Whipsnakes,Redwoods,44,41,10,1,14,11,14,0.23,0.34,0,20,0.00,6,24,0.25,10,29,0.34,8,19,0.42,49,43,1,19,0.05,8,18,0.44,2,9,0.22,3,8,0.38,6,10,14,0.71,2,18,6,15,6,3,0.33,8,2,7,2,1,23,4,27,22,8,22,11,0.4,6,5,10.58401148,#DIV/0!,1311,0.46,0.52,L,W,0,-3,15,34,2.3,17,26,1.5,0.7,15.4
2019,15,5,6/29/2019,Atlanta,Redwoods,Whipsnakes,41,44,14,0,10,14,11,0.34,0.23,6,24,0.25,0,20,0.00,8,19,0.42,10,29,0.34,43,49,8,18,0.44,1,19,0.05,3,8,0.38,2,9,0.22,4,9,11,0.73,3,8,2,7,2,1,0.25,18,6,15,6,3,22,8,22,23,4,27,16,0.6,11,9,10.19033649,#DIV/0!,1232,0.43,0.48,W,L,0,3,17,26,1.5,15,34,2.3,-0.7,13.5
2019,16,6,7/6/2019,Washington DC,Archers,Redwoods,43,38,8,0,9,8,9,0.19,0.24,2,18,0.11,4,23,0.17,6,27,0.22,5,14,0.36,45,37,3,25,0.12,5,18,0.28,0,6,0.00,2,5,0.40,2,7,18,0.33,0,9,4,8,4,1,0.44,9,2,8,2,1,28,3,31,27,6,24,12,0.6,-4,5,10.06074809,#DIV/0!,1404,0.49,0.53,L,W,0,-1,16,29,1.8,11,26,2.4,-0.6,14.9
2019,16,6,7/6/2019,Washington DC,Redwoods,Archers,38,43,9,0,8,9,8,0.24,0.19,4,23,0.17,2,18,0.11,5,14,0.36,6,27,0.22,37,45,5,18,0.28,3,25,0.12,2,5,0.40,0,6,0.00,0,4,17,0.29,1,9,2,8,2,1,0.22,9,4,8,4,1,27,6,24,28,3,31,16,0.7,-3,5,10.15583572,#DIV/0!,1138,0.40,0.47,W,L,0,1,11,26,2.4,16,29,1.8,0.6,12.4
2019,17,6,7/6/2019,Washington DC,Whipsnakes,Atlas,36,36,11,0,9,11,9,0.31,0.25,8,26,0.31,6,26,0.23,3,15,0.20,3,19,0.16,41,45,4,18,0.22,6,21,0.29,2,10,0.20,2,15,0.13,2,6,10,0.30,1,9,5,10,5,0,0.56,5,1,4,1,1,20,5,24,29,7,37,16,0.6,4,10,10.52843747,#DIV/0!,1136,0.39,0.50,W,L,0,2,18,23,1.3,13,32,2.5,-1.2,13.2
2019,17,6,7/6/2019,Washington DC,Atlas,Whipsnakes,36,36,9,0,11,9,11,0.25,0.31,6,26,0.23,8,26,0.31,3,19,0.16,3,15,0.20,45,41,6,21,0.29,4,18,0.22,2,15,0.13,2,10,0.20,1,2,10,0.30,1,5,1,4,1,1,0.20,9,5,10,5,0,29,7,37,20,5,24,16,0.6,2,6,10.93376607,#DIV/0!,1309,0.45,0.50,L,L,0,-2,13,32,2.5,18,23,1.3,1.2,11.9
2019,18,6,7/7/2019,Washington DC,Chrome,Chaos,46,38,19,0,11,19,11,0.41,0.29,8,22,0.36,5,23,0.22,11,22,0.50,6,14,0.43,44,37,9,24,0.38,6,19,0.32,2,7,0.29,0,8,0.00,2,3,12,0.92,1,7,3,5,3,2,0.43,10,4,6,4,4,28,12,32,21,6,27,6,0.4,18,9,9.059781308,#DIV/0!,1336,0.46,0.55,W,W,1,8,20,24,1.2,17,20,1.2,0.0,14.9
2019,18,6,7/7/2019,Washington DC,Chaos,Chrome,38,46,11,0,19,11,19,0.29,0.41,5,23,0.22,8,22,0.36,6,14,0.43,11,22,0.50,37,44,6,19,0.32,9,24,0.38,0,8,0.00,2,7,0.29,3,3,15,0.40,0,10,4,6,4,4,0.40,7,3,5,3,2,21,6,27,28,12,32,15,0.4,2,6,9.524858084,#DIV/0!,1141,0.40,0.45,L,L,0,-8,17,20,1.2,20,24,1.2,0.0,13.9
2019,19,7,7/27/2019,Denver,Redwoods,Atlas,37,43,15,0,15,15,18,0.41,0.35,8,27,0.30,2,14,0.14,7,14,0.50,13,23,0.57,41,37,9,27,0.33,7,18,0.39,1,2,0.50,1,3,0.33,3,4,15,0.47,0,12,2,9,2,3,0.17,7,3,7,4,0,25,11,27,26,7,20,12,0.4,7,7,9.551316833,#DIV/0!,1166,0.40,0.46,L,L,0,-3,11,30,2.7,15,22,1.5,1.3,14.4
2019,19,7,7/27/2019,Denver,Atlas,Redwoods,43,37,15,3,15,18,15,0.35,0.41,2,14,0.14,8,27,0.30,13,23,0.57,7,14,0.50,37,41,7,18,0.39,9,27,0.33,1,3,0.33,1,2,0.50,5,10,16,0.81,1,7,3,7,4,0,0.43,12,2,9,2,3,26,7,20,25,11,27,12,0.4,12,6,10.72097959,#DIV/0!,1206,0.42,0.54,W,W,1,3,15,22,1.5,11,30,2.7,-1.3,13.6
2019,20,7,7/27/2019,Denver,Whipsnakes,Chaos,44,44,12,0,12,12,13,0.27,0.27,5,23,0.22,5,22,0.23,7,21,0.33,7,18,0.39,44,40,4,16,0.25,5,20,0.25,1,8,0.13,4,10,0.40,2,5,13,0.54,1,17,6,15,6,2,0.35,6,3,4,4,2,22,4,23,32,9,29,16,0.6,6,8,11.44291357,#DIV/0!,1012,0.35,0.50,L,L,0,-1,13,31,2.4,18,22,1.2,1.2,12.7
2019,20,7,7/27/2019,Denver,Chaos,Whipsnakes,44,44,12,1,12,13,12,0.27,0.27,5,22,0.23,5,23,0.22,7,18,0.39,7,21,0.33,40,44,5,20,0.25,4,16,0.25,4,10,0.40,1,8,0.13,1,6,18,0.39,1,6,3,4,4,2,0.50,17,6,15,6,2,32,9,29,22,4,23,21,0.6,1,7,10.57130092,#DIV/0!,1398,0.49,0.50,W,L,0,1,18,22,1.2,13,31,2.4,-1.2,14.1
2019,21,7,7/28/2019,Denver,Chrome,Archers,38,34,7,0,7,7,9,0.18,0.21,3,29,0.10,6,19,0.32,4,25,0.16,1,20,0.05,54,39,3,33,0.09,3,14,0.21,2,11,0.18,3,16,0.19,2,5,11,0.36,1,14,2,10,2,4,0.14,9,0,7,0,2,29,5,42,27,6,28,11,0.6,0,5,10.95826123,#DIV/0!,1410,0.49,0.53,L,W,0,-2,14,40,2.9,11,28,2.5,0.3,15.8
2019,21,7,7/28/2019,Denver,Archers,Chrome,34,38,7,2,7,9,7,0.21,0.18,6,19,0.32,3,29,0.10,1,20,0.05,4,25,0.16,39,54,3,14,0.21,3,33,0.09,3,16,0.19,2,11,0.18,0,4,12,0.08,0,9,0,7,0,2,0.00,14,2,10,2,4,27,6,28,29,5,42,17,0.7,-4,4,10.75134985,#DIV/0!,1076,0.37,0.47,W,L,0,2,11,28,2.5,14,40,2.9,-0.3,12.8
2019,22,8,8/10/2019,San Jose,Chaos,Redwoods,45,41,10,3,10,13,10,0.22,0.24,4,17,0.24,6,24,0.25,6,23,0.26,4,21,0.19,40,45,8,22,0.36,6,18,0.33,0,1,0.00,3,8,0.38,1,4,19,0.32,0,14,2,14,3,0,0.14,12,1,12,1,1,27,8,22,21,9,24,14,0.6,-3,7,11.8444377,#DIV/0!,1241,0.43,0.52,W,W,1,3,14,26,1.9,18,27,1.5,0.4,13.3
2019,22,8,8/10/2019,San Jose,Redwoods,Chaos,41,45,10,0,10,10,13,0.24,0.22,6,24,0.25,4,17,0.24,4,21,0.19,6,23,0.26,45,40,6,18,0.33,8,22,0.36,3,8,0.38,0,1,0.00,1,5,15,0.27,1,12,1,12,1,1,0.08,14,2,14,3,0,21,9,24,27,8,22,9,0.5,-1,5,10.83744587,#DIV/0!,1016,0.35,0.48,L,L,0,-3,18,27,1.5,14,26,1.9,-0.4,13.9
2019,23,8,8/10/2019,San Jose,Chrome,Whipsnakes,40,34,18,2,13,20,16,0.45,0.38,10,28,0.36,5,20,0.25,8,15,0.53,8,25,0.32,43,45,11,29,0.38,5,22,0.23,3,5,0.60,1,4,0.25,2,3,14,0.57,3,7,3,7,4,0,0.43,12,5,12,6,0,30,15,35,21,5,26,9,0.4,12,7,10.41923024,#DIV/0!,1418,0.49,0.54,W,W,1,4,15,28,1.9,11,34,3.1,-1.2,14.1
2019,23,8,8/10/2019,San Jose,Whipsnakes,Chrome,34,40,13,3,18,16,20,0.38,0.45,5,20,0.25,10,28,0.36,8,25,0.32,8,15,0.53,45,43,5,22,0.23,11,29,0.38,1,4,0.25,3,5,0.60,4,13,12,0.67,1,12,5,12,6,0,0.42,7,3,7,4,0,21,5,26,30,15,35,8,0.3,9,7,11.9738671,#DIV/0!,1105,0.38,0.46,L,L,0,-4,11,34,3.1,15,28,1.9,1.2,14.3
2019,24,8,8/11/2019,San Jose,Atlas,Archers,35,36,11,0,15,11,15,0.31,0.42,4,17,0.24,6,28,0.21,7,29,0.24,9,22,0.41,46,50,7,22,0.32,4,18,0.22,0,4,0.00,5,12,0.42,3,9,12,0.58,0,11,1,11,1,0,0.09,9,4,11,4,0,23,7,25,19,9,30,15,0.5,6,6,10.96489536,#DIV/0!,1136,0.39,0.49,L,L,0,-4,17,29,1.7,23,27,1.2,0.5,15.2
2019,24,8,8/11/2019,San Jose,Archers,Atlas,36,35,15,0,11,15,11,0.42,0.31,6,28,0.21,4,17,0.24,9,22,0.41,7,29,0.24,50,46,4,18,0.22,7,22,0.32,5,12,0.42,0,4,0.00,2,5,10,0.90,4,9,4,11,4,0,0.44,11,1,11,1,0,19,9,30,23,7,25,16,0.6,14,9,9.592875396,#DIV/0!,1330,0.46,0.51,W,W,1,4,23,27,1.2,17,29,1.7,-0.5,16.7
2019,25,9,8/17/2019,Hamilton,Archers,Chaos,47,43,10,0,11,10,11,0.21,0.26,5,29,0.17,4,14,0.29,5,23,0.22,7,22,0.32,52,36,3,17,0.18,5,20,0.25,3,20,0.15,2,6,0.33,0,0,15,0.33,2,12,3,12,3,0,0.25,10,4,9,4,1,34,7,36,24,4,20,13,0.5,0,7,10.31956796,#DIV/0!,1588,0.55,0.52,L,W,0,-1,10,42,4.2,19,17,0.9,3.3,15.0
2019,25,9,8/17/2019,Hamilton,Chaos,Archers,43,47,11,0,10,11,10,0.26,0.21,4,14,0.29,5,29,0.17,7,22,0.32,5,23,0.22,36,52,5,20,0.25,3,17,0.18,2,6,0.33,3,20,0.15,2,2,17,0.41,1,10,4,9,4,1,0.40,12,3,12,3,0,24,4,20,34,7,36,16,0.6,1,7,9.528909082,#DIV/0!,1239,0.43,0.48,W,L,0,1,19,17,0.9,10,42,4.2,-3.3,14.3
2019,26,9,8/17/2019,Hamilton,Chrome,Atlas,41,46,14,0,15,14,17,0.34,0.33,7,17,0.41,6,24,0.25,7,15,0.47,9,18,0.50,32,42,10,20,0.50,5,12,0.42,2,7,0.29,5,16,0.31,2,3,15,0.47,2,5,2,4,2,1,0.40,11,4,11,5,0,26,8,23,28,10,27,11,0.4,6,8,10.09209223,#DIV/0!,1133,0.39,0.47,L,L,0,-3,12,20,1.7,16,26,1.6,0.0,12.0
2019,26,9,8/17/2019,Hamilton,Atlas,Chrome,46,41,15,2,14,17,14,0.33,0.34,6,24,0.25,7,17,0.41,9,18,0.50,7,15,0.47,42,32,5,12,0.42,10,20,0.50,5,16,0.31,2,7,0.29,3,5,13,0.69,2,11,4,11,5,0,0.36,5,2,4,2,1,28,10,27,26,8,23,8,0.4,11,9,10.63294778,#DIV/0!,1216,0.42,0.53,W,W,1,3,16,26,1.6,12,20,1.7,0.0,14.9
2019,27,9,8/18/2019,Hamilton,Whipsnakes,Redwoods,42,37,16,1,4,17,4,0.38,0.11,2,10,0.20,0,21,0.00,14,34,0.41,4,14,0.29,44,35,8,23,0.35,2,18,0.11,4,10,0.40,0,6,0.00,3,3,14,1.00,3,10,4,9,4,3,0.40,11,0,7,0,4,27,10,30,26,2,22,13,0.8,16,9,10.40891927,#DIV/0!,1230,0.43,0.53,W,W,1,13,19,25,1.3,15,20,1.3,0.0,13.6
2019,27,9,8/18/2019,Hamilton,Redwoods,Whipsnakes,37,42,4,0,16,4,17,0.11,0.38,0,21,0.00,2,10,0.20,4,14,0.29,14,34,0.41,35,44,2,18,0.11,8,23,0.35,0,6,0.00,4,10,0.40,0,0,19,0.21,0,11,0,7,0,4,0.00,10,4,9,4,3,26,2,22,27,10,30,9,0.4,-11,4,9.643564756,#DIV/0!,1321,0.46,0.47,L,L,0,-13,15,20,1.3,19,25,1.3,0.0,13.1
2019,28,10,8/24/2019,Albany,Chaos,Atlas,38,40,8,1,12,9,12,0.21,0.30,5,18,0.28,5,19,0.26,3,21,0.14,7,22,0.32,39,41,3,16,0.19,5,22,0.23,2,6,0.33,1,4,0.25,1,6,18,0.17,1,13,2,9,3,4,0.15,10,4,7,4,3,22,5,23,22,6,23,14,0.5,-7,6,9.660384102,#DIV/0!,1158,0.40,0.49,L,L,0,-3,16,23,1.4,18,23,1.3,0.2,16.2
2019,28,10,8/24/2019,Albany,Atlas,Chaos,40,38,12,0,8,12,9,0.30,0.21,5,19,0.26,5,18,0.28,7,22,0.32,3,21,0.14,41,39,5,22,0.23,3,16,0.19,1,4,0.25,2,6,0.33,2,3,16,0.44,1,10,4,7,4,3,0.40,13,2,9,3,4,22,6,23,22,5,23,18,0.7,3,9,10.96784079,#DIV/0!,1339,0.46,0.51,W,W,1,3,18,23,1.3,16,23,1.4,-0.2,13.5
2019,29,10,8/25/2019,Albany,Redwoods,Chrome,48,43,17,1,7,18,7,0.35,0.16,7,26,0.27,4,14,0.29,10,24,0.42,3,17,0.18,50,31,6,29,0.21,4,13,0.31,1,2,0.50,0,2,0.00,5,9,16,0.63,0,7,3,6,4,1,0.43,10,1,6,1,4,28,8,30,16,2,13,10,0.6,11,9,10.36748486,#DIV/0!,1468,0.51,0.53,W,W,1,11,18,32,1.8,15,16,1.1,0.7,15.8
2019,29,10,8/25/2019,Albany,Chrome,Redwoods,43,48,7,0,17,7,18,0.16,0.35,4,14,0.29,7,26,0.27,3,17,0.18,10,24,0.42,31,50,4,13,0.31,6,29,0.21,0,2,0.00,1,2,0.50,1,4,20,0.15,0,10,1,6,1,4,0.10,7,3,6,4,1,16,2,13,28,8,30,18,0.5,-10,6,10.68720313,#DIV/0!,1030,0.36,0.47,L,L,0,-11,15,16,1.1,18,32,1.8,-0.7,12.5
2019,30,10,8/25/2019,Albany,Archers,Whipsnakes,36,33,10,1,7,11,8,0.28,0.21,4,21,0.19,2,28,0.07,6,13,0.46,5,19,0.26,34,47,7,18,0.39,2,27,0.07,1,5,0.20,3,12,0.25,4,6,15,0.40,1,9,0,6,0,3,0.00,7,2,6,2,1,25,7,21,23,4,36,12,0.6,1,4,10.95348151,#DIV/0!,1312,0.46,0.52,W,W,1,3,8,26,3.3,15,32,2.1,1.1,10.4
2019,30,10,8/25/2019,Albany,Whipsnakes,Archers,33,36,7,1,10,8,11,0.21,0.28,2,28,0.07,4,21,0.19,5,19,0.26,6,13,0.46,47,34,2,27,0.07,7,18,0.39,3,12,0.25,1,5,0.20,2,5,15,0.33,2,7,2,6,2,1,0.29,9,0,6,0,3,23,4,36,25,7,21,13,0.6,-3,6,9.139581493,#DIV/0!,1322,0.46,0.48,L,L,0,-3,15,32,2.1,8,26,3.3,-1.1,15.2
2019,31,11,9/6/2019,Columbus,Archers,Redwoods,43,46,11,1,14,12,16,0.26,0.30,4,17,0.24,5,13,0.39,7,24,0.29,9,21,0.43,41,34,8,23,0.35,6,15,0.40,1,7,0.14,1,5,0.20,2,10,14,0.50,1,10,2,9,3,1,0.20,11,6,9,7,2,28,9,31,25,7,21,8,0.4,4,7,10.34143052,#DIV/0!,1210,0.42,0.48,L,L,0,-4,19,22,1.2,22,12,0.5,0.6,14.6
2019,31,11,9/6/2019,Columbus,Redwoods,Archers,46,43,14,2,11,16,12,0.30,0.26,5,13,0.39,4,17,0.24,9,21,0.43,7,24,0.29,34,41,6,15,0.40,8,23,0.35,1,5,0.20,1,7,0.14,4,8,19,0.47,0,11,6,9,7,2,0.55,10,2,9,3,1,25,7,21,28,9,31,15,0.6,4,10,8.817441433,#DIV/0!,1331,0.46,0.52,W,W,1,4,22,12,0.5,19,22,1.2,-0.6,16.1
2019,32,11,9/7/2019,Columbus,Atlas,Chrome,45,41,14,3,8,17,8,0.31,0.20,7,26,0.27,5,24,0.21,7,25,0.28,3,9,0.33,51,33,6,26,0.23,5,21,0.24,3,8,0.38,0,3,0.00,1,5,17,0.41,0,14,4,11,5,4,0.29,6,2,5,2,1,30,8,33,22,5,20,14,0.6,4,8,9.413514998,#DIV/0!,1479,0.51,0.52,W,W,1,9,22,29,1.3,14,19,1.4,0.0,19.4
2019,32,11,9/7/2019,Columbus,Chrome,Atlas,41,45,8,0,14,8,17,0.20,0.31,5,24,0.21,7,26,0.27,3,9,0.33,7,25,0.28,33,51,5,21,0.24,6,26,0.23,0,3,0.00,3,8,0.38,1,3,17,0.18,0,6,2,5,2,1,0.33,14,4,11,5,4,22,5,20,30,8,33,14,0.5,-6,6,9.362097627,#DIV/0!,1046,0.36,0.48,L,L,0,-9,14,19,1.4,22,29,1.3,0.0,13.3
2019,33,11,9/7/2019,Columbus,Whipsnakes,Chaos,40,35,13,2,7,15,7,0.33,0.20,10,34,0.29,2,15,0.13,3,14,0.21,5,13,0.38,48,28,8,26,0.31,2,13,0.15,2,4,0.50,3,6,0.50,2,7,13,0.23,0,12,1,9,1,3,0.08,7,1,5,1,2,26,8,31,19,2,15,12,0.6,3,8,11.74092293,#DIV/0!,1241,0.43,0.53,W,W,1,8,19,29,1.5,14,14,1.0,0.5,13.1
2019,33,11,9/7/2019,Columbus,Chaos,Whipsnakes,35,40,7,0,13,7,15,0.20,0.33,2,15,0.13,10,34,0.29,5,13,0.38,3,14,0.21,28,48,2,13,0.15,8,26,0.31,3,6,0.50,2,4,0.50,0,3,16,0.31,2,7,1,5,1,2,0.14,12,1,9,1,3,19,2,15,26,8,31,16,0.6,-4,4,11.28270655,#DIV/0!,983,0.34,0.47,L,L,0,-8,14,14,1.0,19,29,1.5,-0.5,10.5
2019,34,12,9/14/2019,New York P,Redwoods,Chaos,38,38,11,1,7,12,7,0.29,0.18,7,24,0.29,3,15,0.20,4,11,0.36,4,20,0.20,35,35,6,26,0.23,2,15,0.13,1,1,1.00,1,7,0.14,2,3,17,0.24,1,6,2,5,3,1,0.33,6,1,4,1,2,23,5,21,21,3,18,15,0.7,-2,6,10.2095411,#DIV/0!,1224,0.43,0.50,W,L,0,5,12,23,1.9,12,23,1.9,0.0,11.6
2019,34,12,9/14/2019,New York P,Chaos,Redwoods,38,38,7,0,11,7,12,0.18,0.29,3,15,0.20,7,24,0.29,4,20,0.20,4,11,0.36,35,35,2,15,0.13,6,26,0.23,1,7,0.14,1,1,1.00,0,3,13,0.31,1,6,1,4,1,2,0.17,6,2,5,3,1,21,3,18,23,5,21,10,0.5,-2,5,11.43460404,#DIV/0!,989,0.34,0.50,L,L,0,-5,12,23,1.9,12,23,1.9,0.0,10.9
2019,35,12,9/14/2019,New York P,Chrome,Archers,41,44,9,1,12,10,12,0.22,0.27,6,21,0.29,4,20,0.20,3,14,0.21,8,24,0.33,35,44,6,23,0.26,5,18,0.28,0,3,0.00,4,11,0.36,1,4,19,0.16,0,10,2,7,2,3,0.20,6,2,5,2,1,22,5,22,30,9,29,13,0.5,-7,4,10.91747402,#DIV/0!,1031,0.36,0.48,L,L,0,-2,13,22,1.7,16,28,1.8,-0.1,13.6
2019,35,12,9/14/2019,New York P,Archers,Chrome,44,41,12,0,9,12,10,0.27,0.22,4,20,0.20,6,21,0.29,8,24,0.33,3,14,0.21,44,35,5,18,0.28,6,23,0.26,4,11,0.36,0,3,0.00,3,9,20,0.40,4,6,2,5,2,1,0.33,10,2,7,2,3,30,9,29,22,5,22,13,0.6,0,7,10.9022588,#DIV/0!,1296,0.45,0.52,W,W,1,2,16,28,1.8,13,22,1.7,0.1,14.7
2019,36,13,9/21/2019,Philadelphia,Archers,Atlas,56,40,24,1,7,25,7,0.43,0.18,8,24,0.33,2,8,0.25,16,30,0.53,5,24,0.21,54,32,6,21,0.29,2,15,0.13,5,14,0.36,4,10,0.40,8,10,19,0.84,4,20,12,18,13,3,0.60,11,2,8,2,3,27,9,29,26,5,21,12,0.6,21,10,9.600291822,#DIV/0!,1600,0.56,0.58,W,W,1,18,21,33,1.6,12,20,1.7,-0.1,19.8
2019,36,13,9/21/2019,Philadelphia,Atlas,Archers,40,56,7,0,24,7,25,0.18,0.43,2,8,0.25,8,24,0.33,5,24,0.21,16,30,0.53,32,54,2,15,0.13,6,21,0.29,4,10,0.40,5,14,0.36,1,5,20,0.25,3,11,2,8,2,3,0.18,20,12,18,13,3,26,5,21,27,9,29,14,0.4,-8,7,10.93799665,#DIV/0!,1077,0.37,0.42,L,L,0,-18,12,20,1.7,21,33,1.6,0.1,13.0
2019,37,13,9/21/2019,Philadelphia,Whipsnakes,Redwoods,40,40,11,1,10,12,11,0.28,0.25,5,24,0.21,4,17,0.24,6,14,0.43,6,20,0.30,38,37,5,14,0.36,4,16,0.25,6,17,0.35,2,7,0.29,0,3,17,0.35,4,5,0,6,0,0,0.00,8,2,8,2,0,30,10,28,26,5,24,16,0.6,0,7,11.63541577,#DIV/0!,1214,0.42,0.50,W,L,0,1,14,24,1.7,16,21,1.3,0.4,12.0
2019,37,13,9/21/2019,Philadelphia,Redwoods,Whipsnakes,40,40,10,1,11,11,12,0.25,0.28,4,17,0.24,5,24,0.21,6,20,0.30,6,14,0.43,37,38,4,16,0.25,5,14,0.36,2,7,0.29,6,17,0.35,1,6,17,0.35,1,8,2,8,2,0,0.25,5,0,6,0,0,26,5,24,30,10,28,12,0.5,-1,7,10.77403449,#DIV/0!,1271,0.44,0.50,L,L,0,-1,16,21,1.3,14,24,1.7,-0.4,13.4
2020,1,,7/25/2019,Utah,Redwoods,Whipsnakes,33,42,7,2,13,9,13,0.21,0.31,4,20,0.20,8,19,0.42,3,14,0.21,5,18,0.28,34,37,4,21,0.19,7,19,0.37,1,4,0.25,1,6,0.17,1,4,12,0.25,1,3,0,3,0,0,0.00,15,5,12,5,3,24,6,27,26,6,21,6,0.3,-2,5,9.389488965,11.71428571,1025,0.36,0.44,L,L,0,-4,16,18,1.1,16,21,1.3,-0.2,12.2
2020,1,,7/25/2019,Utah,Whipsnakes,Redwoods,42,33,13,0,7,13,9,0.31,0.21,8,19,0.42,4,20,0.20,5,18,0.28,3,14,0.21,37,34,7,19,0.37,4,21,0.19,1,6,0.17,1,4,0.25,2,7,23,0.22,0,15,5,12,5,3,0.33,3,0,3,0,0,26,6,21,24,6,27,13,0.7,-5,9,10.76913959,12.32222222,1327,0.46,0.56,W,W,1,4,16,21,1.3,16,18,1.1,0.2,15.0
2020,2,,7/25/2020,Utah,Chrome,Chaos,38,31,13,0,9,13,9,0.34,0.29,8,30,0.27,4,16,0.25,5,20,0.25,5,12,0.42,50,28,8,25,0.32,4,14,0.29,2,13,0.15,1,4,0.25,2,6,13,0.38,0,9,2,8,2,1,0.22,6,3,5,3,1,30,10,40,22,6,19,11,0.6,5,9,11.49097404,13.14,1653,0.57,0.55,W,W,1,4,15,35,2.3,14,14,1.0,1.3,13.8
2020,2,,7/25/2020,Utah,Chaos,Chrome,31,38,9,0,13,9,13,0.29,0.34,4,16,0.25,8,30,0.27,5,12,0.42,5,20,0.25,28,50,4,14,0.29,8,25,0.32,1,4,0.25,2,13,0.15,2,4,13,0.38,1,6,3,5,3,1,0.50,9,2,8,2,1,22,6,19,30,10,40,10,0.4,1,5,10.3598868,10.46666667,927,0.32,0.45,L,L,0,-4,14,14,1.0,15,35,2.3,-1.3,11.5
2020,3,,7/26/2020,Utah,Waterdogs,Atlas,41,38,10,0,11,10,11,0.24,0.29,3,14,0.21,5,19,0.26,7,22,0.32,6,22,0.27,36,41,1,9,0.11,6,25,0.24,3,11,0.27,2,6,0.33,4,8,19,0.37,2,9,2,6,2,3,0.22,8,2,8,2,1,19,3,19,24,7,29,12,0.5,-2,5,11.26879431,13.29545455,1060,0.37,0.52,L,W,0,-1,12,24,2.0,24,17,0.7,1.3,14.6
2020,3,,7/26/2020,Utah,Atlas,Waterdogs,38,41,11,0,10,11,10,0.29,0.24,5,19,0.26,3,14,0.21,6,22,0.27,7,22,0.32,41,36,6,25,0.24,1,9,0.11,2,6,0.33,3,11,0.27,1,4,15,0.40,1,8,2,8,2,1,0.25,9,2,6,2,3,24,7,29,19,3,19,13,0.6,2,6,10.95072573,13.65454545,1171,0.41,0.48,W,L,0,1,24,17,0.7,12,24,2.0,-1.3,16.4
2020,4,,7/27/2020,Utah,Atlas,Archers,37,38,9,1,11,10,11,0.24,0.29,3,28,0.11,4,13,0.31,6,16,0.38,7,21,0.33,44,34,6,29,0.21,5,15,0.33,1,5,0.20,2,8,0.25,2,6,17,0.35,1,11,2,8,3,3,0.18,6,2,5,2,1,27,5,32,27,7,24,9,0.5,-2,6,10.11610834,12.73125,1541,0.54,0.49,L,L,0,-1,14,30,2.1,16,18,1.1,1.0,14.7
2020,4,,7/27/2020,Utah,Archers,Atlas,38,37,11,0,9,11,10,0.29,0.24,4,13,0.31,3,28,0.11,7,21,0.33,6,16,0.38,34,44,5,15,0.33,6,29,0.21,2,8,0.25,1,5,0.20,4,8,16,0.44,1,6,2,5,2,1,0.33,11,2,8,3,3,27,7,24,27,5,32,10,0.5,2,6,9.710284212,12.30952381,1113,0.39,0.51,W,W,1,1,16,18,1.1,14,30,2.1,-1.0,13.8
2020,5,,7/28/2020,Utah,Archers,Waterdogs,33,33,9,0,7,9,7,0.27,0.21,4,10,0.40,3,20,0.15,5,13,0.38,4,16,0.25,23,36,4,9,0.44,5,26,0.19,1,4,0.25,1,5,0.20,3,4,16,0.31,1,8,3,7,3,1,0.38,3,1,3,1,0,21,5,14,28,6,33,14,0.7,-2,7,10.46820542,12.92307692,1035,0.36,0.50,W,L,0,2,12,11,0.9,4,32,8.0,-7.1,10.5
2020,5,,7/28/2020,Utah,Waterdogs,Archers,33,33,7,0,9,7,9,0.21,0.27,3,20,0.15,4,10,0.40,4,16,0.25,5,13,0.38,36,23,5,26,0.19,4,9,0.44,1,5,0.20,1,4,0.25,3,7,16,0.25,1,3,1,3,1,0,0.33,8,3,7,3,1,28,6,33,21,5,14,6,0.4,-5,6,10.86262831,14.61875,1553,0.54,0.50,L,L,0,-2,4,32,8.0,12,11,0.9,7.1,11.4
2020,6,,7/28/2020,Utah,Redwoods,Chrome,37,39,9,2,11,11,12,0.24,0.28,4,17,0.24,5,11,0.46,5,17,0.29,6,20,0.30,34,31,6,22,0.27,3,14,0.21,1,3,0.33,0,1,0.00,4,9,18,0.28,1,10,2,8,2,2,0.20,9,5,8,6,2,26,7,24,23,3,17,9,0.5,-4,6,10.89475687,13.47647059,1191,0.41,0.49,L,L,0,-1,11,23,2.1,13,18,1.4,0.7,13.0
2020,6,,7/28/2020,Utah,Chrome,Redwoods,39,37,11,1,9,12,11,0.28,0.24,5,11,0.46,4,17,0.24,6,20,0.30,5,17,0.29,31,34,3,14,0.21,6,22,0.27,0,1,0.00,1,3,0.33,3,8,20,0.30,0,9,5,8,6,2,0.56,10,2,8,2,2,23,3,17,26,7,24,7,0.4,-3,7,11.39695024,14.67,1151,0.40,0.51,W,W,1,1,13,18,1.4,11,23,2.1,-0.7,12.4
2020,7,,7/29/2020,Utah,Chaos,Redwoods,42,43,6,1,7,7,8,0.14,0.16,4,19,0.21,2,20,0.10,2,15,0.13,5,28,0.18,34,48,2,22,0.09,2,24,0.08,2,4,0.50,1,6,0.17,0,3,20,0.10,0,10,2,6,2,4,0.20,7,3,6,4,1,27,2,24,26,2,27,19,0.7,-12,5,12.48554397,12.18666667,1239,0.43,0.49,L,L,0,-1,11,23,2.1,14,34,2.4,-0.3,11.4
2020,7,,7/29/2020,Utah,Redwoods,Chaos,43,42,7,1,6,8,7,0.16,0.14,2,20,0.10,4,19,0.21,5,28,0.18,2,15,0.13,48,34,2,24,0.08,2,22,0.09,1,6,0.17,2,4,0.50,0,10,18,0.28,0,7,3,6,4,1,0.43,10,2,6,2,4,26,2,27,27,2,24,17,0.7,-6,6,10.72143397,13.04642857,1214,0.42,0.51,W,W,1,1,14,34,2.4,11,23,2.1,0.3,15.7
2020,8,,7/30/2020,Utah,Atlas,Whipsnakes,30,38,6,0,14,6,15,0.20,0.37,4,27,0.15,8,25,0.32,2,13,0.15,6,17,0.35,40,42,5,19,0.26,5,22,0.23,1,9,0.11,2,3,0.67,0,4,12,0.17,1,5,0,5,0,0,0.00,6,3,6,3,0,23,6,31,27,10,29,11,0.4,-4,5,11.3301139,10.91538462,1241,0.43,0.44,L,L,0,-9,10,30,3.0,22,20,0.9,2.1,10.7
2020,8,,7/30/2020,Utah,Whipsnakes,Atlas,38,30,14,1,6,15,6,0.37,0.20,8,25,0.32,4,27,0.15,6,17,0.35,2,13,0.15,42,40,5,22,0.23,5,19,0.26,2,3,0.67,1,9,0.11,2,5,13,0.46,1,6,3,6,3,0,0.50,5,0,5,0,0,27,10,29,23,6,31,12,0.7,7,7,9.26878379,10.52941176,1223,0.42,0.56,W,W,1,9,22,20,0.9,10,30,3.0,-2.1,16.6
2020,9,,7/30/2020,Utah,Archers,Chrome,40,33,12,1,11,13,12,0.30,0.33,5,22,0.23,6,14,0.43,7,23,0.30,5,14,0.36,45,28,4,24,0.17,5,17,0.29,4,9,0.44,0,2,0.00,0,2,18,0.39,2,5,2,3,2,2,0.40,6,4,6,5,0,31,9,35,26,6,21,5,0.3,1,8,9.549170788,13.37826087,1549,0.54,0.55,W,W,1,1,18,27,1.5,10,18,1.8,-0.3,16.9
2020,9,,7/30/2020,Utah,Chrome,Archers,33,40,11,1,12,12,13,0.33,0.30,6,14,0.43,5,22,0.23,5,14,0.36,7,23,0.30,28,45,5,17,0.29,4,24,0.17,0,2,0.00,4,9,0.44,0,4,14,0.36,0,6,4,6,5,0,0.67,5,2,3,2,2,26,6,21,31,9,35,12,0.5,2,7,11.06345533,12.32857143,1061,0.37,0.45,L,L,0,-1,10,18,1.8,18,27,1.5,0.3,10.4
2020,10,,7/31/2020,Utah,Whipsnakes,Chaos,36,29,11,1,7,12,7,0.31,0.24,4,16,0.25,2,19,0.11,7,23,0.30,5,18,0.28,39,37,6,20,0.30,5,27,0.19,0,8,0.00,0,1,0.00,2,7,15,0.47,0,13,3,11,3,2,0.23,4,1,4,1,0,27,7,26,22,5,29,13,0.7,3,7,10.71893246,12.26956522,1308,0.45,0.55,W,W,1,5,17,22,1.3,12,25,2.1,-0.8,13.4
2020,10,,7/31/2020,Utah,Chaos,Whipsnakes,29,36,7,0,11,7,12,0.24,0.31,2,19,0.11,4,16,0.25,5,18,0.28,7,23,0.30,37,39,5,27,0.19,6,20,0.30,0,1,0.00,0,8,0.00,3,5,6,0.83,0,4,1,4,1,0,0.25,13,3,11,3,2,22,5,29,27,7,26,11,0.5,6,5,9.939099482,11.63888889,1038,0.36,0.45,L,L,0,-5,12,25,2.1,17,22,1.3,0.8,10.5
2020,11,,7/31/2020,Utah,Waterdogs,Chrome,40,38,10,2,12,12,13,0.25,0.32,8,17,0.47,5,17,0.29,2,19,0.11,7,18,0.39,36,35,4,15,0.27,9,14,0.64,3,9,0.33,2,11,0.18,0,7,17,0.12,1,8,3,7,4,2,0.38,6,1,4,1,2,25,6,24,22,9,24,11,0.5,-5,5,11.17406153,12.25263158,1159,0.40,0.51,L,W,0,-1,11,25,2.3,20,15,0.8,1.5,13.3
2020,11,,7/31/2020,Utah,Chrome,Waterdogs,38,40,12,1,10,13,12,0.32,0.25,5,17,0.29,8,17,0.47,7,18,0.39,2,19,0.11,35,36,9,14,0.64,4,15,0.27,2,11,0.18,3,9,0.33,2,7,19,0.37,2,6,1,4,1,2,0.17,8,3,7,4,2,22,9,24,25,6,24,10,0.5,0,7,10.56084449,11.4,1179,0.41,0.49,W,L,0,1,20,15,0.8,11,25,2.3,-1.5,15.2
2020,12,,8/1/2020,Utah,Atlas,Redwoods,42,32,9,1,7,10,11,0.21,0.22,3,20,0.15,2,21,0.10,6,18,0.33,5,13,0.38,38,34,3,18,0.17,3,13,0.23,1,3,0.33,0,5,0.00,2,7,20,0.30,1,10,1,7,1,3,0.10,6,0,6,0,0,22,3,20,18,5,21,11,0.6,-5,7,10.80813643,11.90555556,1268,0.44,0.57,L,W,0,-1,17,21,1.2,11,23,2.1,-0.9,14.5
2020,12,,8/1/2020,Utah,Redwoods,Atlas,32,42,7,4,9,11,10,0.22,0.21,2,21,0.10,3,20,0.15,5,13,0.38,6,18,0.33,34,38,3,13,0.23,3,18,0.17,0,5,0.00,1,3,0.33,1,7,17,0.29,0,6,0,6,0,0,0.00,10,1,7,1,3,18,5,21,22,3,20,11,0.6,-5,5,11.34471373,13.45384615,1165,0.40,0.43,W,L,0,1,11,23,2.1,17,21,1.2,0.9,12.7
2020,13,,8/1/2020,Utah,Waterdogs,Chaos,48,39,9,1,9,10,9,0.19,0.23,4,17,0.24,7,16,0.44,5,26,0.19,2,19,0.11,43,35,4,20,0.20,3,14,0.21,3,10,0.30,2,6,0.33,2,7,16,0.31,1,12,1,11,1,1,0.08,15,4,12,4,3,31,6,30,23,5,20,13,0.6,-2,5,10.55875402,11.45769231,1604,0.56,0.55,W,W,1,1,17,26,1.5,14,21,1.5,0.0,14.5
2020,13,,8/1/2020,Utah,Chaos,Waterdogs,39,48,9,0,9,9,10,0.23,0.19,7,16,0.44,4,17,0.24,2,19,0.11,5,26,0.19,35,43,3,14,0.21,4,20,0.20,2,6,0.33,3,10,0.30,0,3,18,0.11,0,15,4,12,4,3,0.27,12,1,11,1,1,23,5,20,31,6,30,18,0.7,-7,7,10.02340629,12.22631579,948,0.33,0.45,L,L,0,-1,14,21,1.5,17,26,1.5,0.0,15.1
2020,14,,8/2/2020,Utah,Whipsnakes,Archers,41,30,17,0,11,17,11,0.41,0.37,5,26,0.19,6,18,0.33,12,21,0.57,5,16,0.31,47,34,12,28,0.43,5,15,0.33,1,9,0.11,0,8,0.00,5,8,11,1.09,1,2,0,2,0,0,0.00,2,1,2,1,0,33,13,37,23,6,24,8,0.4,18,7,9.522746855,11.86666667,1461,0.51,0.58,W,W,1,6,19,28,1.5,13,21,1.6,-0.1,16.0
2020,14,,8/2/2020,Utah,Archers,Whipsnakes,30,41,11,0,17,11,17,0.37,0.41,6,18,0.33,5,26,0.19,5,16,0.31,12,21,0.57,34,47,5,15,0.33,12,28,0.43,0,8,0.00,1,9,0.11,2,5,12,0.42,0,2,1,2,1,0,0.50,2,0,2,0,0,23,6,24,33,13,37,15,0.5,4,9,9.954904255,12.475,1027,0.36,0.42,L,L,0,-6,13,21,1.6,19,28,1.5,0.1,11.1
2020,15,,8/4/2020,Utah,Chrome,Chaos,43,37,14,0,17,14,19,0.33,0.46,5,23,0.22,7,18,0.39,9,16,0.56,10,18,0.56,39,36,4,16,0.25,3,18,0.17,4,10,0.40,9,13,0.69,2,3,14,0.64,2,10,4,10,4,0,0.40,1,1,1,1,0,21,7,26,32,13,32,10,0.4,9,6,10.60549046,12.65625,1069,0.37,0.54,L,W,0,-5,18,21,1.2,16,20,1.3,-0.1,12.5
2020,15,,8/4/2020,Utah,Chaos,Chrome,37,43,17,2,14,19,14,0.46,0.33,7,18,0.39,5,23,0.22,10,18,0.56,9,16,0.56,36,39,3,18,0.17,4,16,0.25,9,13,0.69,4,10,0.40,2,3,9,1.11,6,1,1,1,1,0,1.00,10,4,10,4,0,32,13,32,21,7,26,14,0.5,18,8,9.741509675,11.15555556,1385,0.48,0.46,W,L,0,5,16,20,1.3,18,21,1.2,0.1,12.6
2020,16,,8/4/2020,Utah,Waterdogs,Redwoods,31,35,6,2,10,8,11,0.19,0.29,1,11,0.09,3,17,0.18,5,20,0.25,7,23,0.30,31,40,1,14,0.07,5,30,0.17,1,4,0.25,0,2,0.00,1,4,12,0.42,0,10,1,7,2,3,0.10,7,3,7,3,1,18,3,18,27,5,31,11,0.5,-1,5,12.15318254,13.395,1010,0.35,0.47,L,L,0,-3,6,25,4.2,12,28,2.3,1.8,8.9
2020,16,,8/4/2020,Utah,Redwoods,Waterdogs,35,31,10,1,6,11,8,0.29,0.19,3,17,0.18,1,11,0.09,7,23,0.30,5,20,0.25,40,31,5,30,0.17,1,14,0.07,0,2,0.00,1,4,0.25,2,9,14,0.50,0,7,3,7,3,1,0.43,10,1,7,2,3,27,5,31,18,3,18,10,0.6,3,6,10.31381603,12.8826087,1462,0.51,0.53,W,W,1,3,12,28,2.3,6,25,4.2,-1.8,13.0
2020,17,,8/4/2020,Utah,Archers,Atlas,34,36,11,0,8,11,9,0.32,0.22,5,16,0.31,3,18,0.17,6,14,0.43,5,14,0.36,30,32,3,10,0.30,5,20,0.25,4,11,0.36,0,3,0.00,2,2,16,0.38,3,6,3,6,3,0,0.50,7,1,8,2,0,26,8,22,26,6,22,10,0.6,1,6,11.11366502,14.27857143,1116,0.39,0.49,W,L,0,2,6,24,4.0,10,22,2.2,1.8,11.0
2020,17,,8/4/2020,Utah,Atlas,Archers,36,34,8,1,11,9,11,0.22,0.32,3,18,0.17,5,16,0.31,5,14,0.36,6,14,0.43,32,30,5,20,0.25,3,10,0.30,0,3,0.00,4,11,0.36,1,3,16,0.31,0,7,1,8,2,0,0.14,6,3,6,3,0,26,6,22,26,8,22,7,0.4,-3,4,10.83960843,13.70714286,1141,0.40,0.51,L,W,0,-2,10,22,2.2,6,24,4.0,-1.8,11.1
2020,18,,8/6/2020,Utah,Chaos,Archers,38,36,13,0,9,13,9,0.34,0.25,7,24,0.29,4,13,0.31,6,15,0.40,5,24,0.21,39,37,8,31,0.26,4,20,0.20,2,4,0.50,0,3,0.00,2,4,16,0.38,0,3,2,3,2,0,0.67,10,1,7,1,4,28,10,35,23,5,24,14,0.6,3,9,9.838877647,12.96666667,1453,0.50,0.51,W,W,1,4,15,24,1.6,15,22,1.5,0.1,13.6
2020,18,,8/6/2020,Utah,Archers,Chaos,36,38,9,0,13,9,13,0.25,0.34,4,13,0.31,7,24,0.29,5,24,0.21,6,15,0.40,37,39,4,20,0.20,8,31,0.26,0,3,0.00,2,4,0.50,4,10,11,0.45,0,10,1,7,1,4,0.10,3,2,3,2,0,23,5,24,28,10,35,11,0.5,3,6,10.4840764,12.81666667,1053,0.37,0.49,L,L,0,-4,15,22,1.5,15,24,1.6,-0.1,11.9
2020,19,,8/6/2020,Utah,Redwoods,Whipsnakes,38,39,12,0,11,12,13,0.32,0.28,6,24,0.25,2,15,0.13,6,12,0.50,9,26,0.35,36,41,6,22,0.27,3,15,0.20,2,6,0.33,2,10,0.20,4,7,13,0.46,1,3,0,2,0,1,0.00,8,2,5,3,3,27,6,25,27,6,29,7,0.4,5,8,8.392269761,11.325,1104,0.38,0.49,L,L,0,-1,16,20,1.3,12,29,2.4,-1.2,13.0
2020,19,,8/6/2020,Utah,Whipsnakes,Redwoods,39,38,11,2,12,13,12,0.28,0.32,2,15,0.13,6,24,0.25,9,26,0.35,6,12,0.50,41,36,3,15,0.20,6,22,0.27,2,10,0.20,2,6,0.33,5,11,15,0.60,2,8,2,5,3,3,0.25,3,0,2,0,1,27,6,29,27,6,25,9,0.4,5,6,11.91023462,13.12692308,1375.6,0.48,0.51,W,W,1,1,12,29,2.4,16,20,1.3,1.2,12.5
2020,20,,8/9/2020,Utah,Whipsnakes,Chaos,40,37,12,0,6,12,6,0.30,0.16,7,24,0.29,3,21,0.14,5,19,0.26,3,16,0.19,43,37,4,26,0.15,1,18,0.06,5,8,0.63,3,8,0.38,2,4,10,0.50,2,7,3,6,3,1,0.43,7,1,7,1,1,30,9,35,26,4,28,12,0.7,7,7,9.725340585,11.3,1245,0.43,0.52,W,W,1,6,18,25,1.4,17,20,1.2,0.2,13.5
2020,20,,8/9/2020,Utah,Chaos,Whipsnakes,37,40,6,0,12,6,12,0.16,0.30,3,21,0.14,7,24,0.29,3,16,0.19,5,19,0.26,37,43,1,18,0.06,4,26,0.15,3,8,0.38,5,8,0.63,2,3,15,0.20,1,7,1,7,1,1,0.14,7,3,6,3,1,26,4,28,30,9,35,12,0.5,-6,5,11.05910186,13.61875,1170,0.41,0.48,L,L,0,-6,17,20,1.2,18,25,1.4,-0.2,12.0
2021,1,1,6/4/2021,Boston,Cannons,Redwoods,36,45,11,0,12,11,12,0.31,0.27,4,13,0.31,4,25,0.16,7,24,0.29,8,21,0.38,37,46,2,13,0.15,6,27,0.22,5,12,0.42,1,5,0.20,3,5,10,0.70,3,9,4,9,4,0,0.44,8,0,7,0,1,23,6,23,28,8,33,17,0.6,8,6,10.14490993,#DIV/0!,1058,,0.44,L,L,0,-1,14,23,1.6,24,22,0.9,0.7,12.5
2021,1,1,6/4/2021,Boston,Redwoods,Cannons,45,36,12,0,11,12,11,0.27,0.31,4,25,0.16,4,13,0.31,8,21,0.38,7,24,0.29,46,37,6,27,0.22,2,13,0.15,1,5,0.20,5,12,0.42,6,8,19,0.42,0,8,0,7,0,1,0.00,9,4,9,4,0,28,8,33,23,6,23,16,0.6,1,6,9.299437451,#DIV/0!,1489,,0.56,W,W,1,1,24,22,0.9,14,23,1.6,-0.7,17.0
2021,2,1,6/5/2021,Boston,Whipsnakes,Chaos,40,31,12,1,7,13,7,0.30,0.23,6,17,0.35,3,9,0.33,6,31,0.19,4,11,0.36,48,20,6,24,0.25,2,9,0.22,2,10,0.20,4,5,0.80,2,15,16,0.38,2,6,4,7,5,0,0.67,6,1,4,1,2,32,8,34,19,6,14,5,0.4,2,8,11.29105961,#DIV/0!,1545,,0.56,W,W,1,6,13,35,2.7,14,6,0.4,2.3,14.8
2021,2,1,6/5/2021,Boston,Chaos,Whipsnakes,31,40,7,0,12,7,13,0.23,0.30,3,9,0.33,6,17,0.35,4,11,0.36,6,31,0.19,20,48,2,9,0.22,6,24,0.25,4,5,0.80,2,10,0.20,1,4,18,0.22,1,6,1,4,1,2,0.17,6,4,7,5,0,19,6,14,32,8,34,15,0.6,-7,4,10.0845001,#DIV/0!,938,,0.44,L,L,0,-6,14,6,0.4,13,35,2.7,-2.3,10.2
2021,3,1,6/5/2021,Boston,Atlas,Archers,37,42,5,1,16,6,18,0.14,0.38,4,23,0.17,7,14,0.50,1,21,0.05,9,20,0.45,44,34,5,32,0.16,4,9,0.44,0,6,0.00,7,17,0.41,0,5,12,0.08,0,7,0,4,0,3,0.00,8,5,7,7,1,29,5,34,29,10,25,6,0.3,-6,4,10.94624402,#DIV/0!,1016,,0.47,L,L,0,-12,15,29,1.9,14,20,1.4,0.5,13.4
2021,3,1,6/5/21,Boston,Archers,Atlas,42,37,16,2,5,18,6,0.38,0.14,7,14,0.50,4,23,0.17,9,20,0.45,1,21,0.05,34,44,4,9,0.44,5,32,0.16,7,17,0.41,0,6,0.00,4,8,19,0.47,3,8,5,7,7,1,0.63,7,0,4,0,3,29,10,25,29,5,34,20,0.8,6,11,9.463772635,#DIV/0!,1289,,0.53,W,W,1,12,14,20,1.4,15,29,1.9,-0.5,15.1
2021,4,1,6/6/21,Boston,Waterdogs,Cannons,36,36,6,1,13,7,13,0.17,0.36,4,15,0.27,10,14,0.71,2,18,0.11,3,8,0.38,33,22,1,12,0.08,7,9,0.78,3,11,0.27,4,7,0.57,1,8,23,0.09,1,12,2,7,3,5,0.17,3,1,4,1,0,20,3,20,29,10,15,6,0.3,-15,4,11.04807725,#DIV/0!,1167,,0.50,L,L,0,-6,17,16,0.9,7,15,2.1,-1.2,13.7
2021,4,1,6/6/21,Boston,Cannons,Waterdogs,36,36,13,0,6,13,7,0.36,0.17,10,14,0.71,4,15,0.27,3,8,0.38,2,18,0.11,22,33,7,9,0.78,1,12,0.08,4,7,0.57,3,11,0.27,0,1,23,0.13,2,3,1,4,1,0,0.33,12,2,7,3,5,29,10,15,20,3,20,8,0.6,-7,6,9.347783187,#DIV/0!,1237,,0.50,W,L,0,6,7,15,2.1,17,16,0.9,1.2,10.8
2021,5,1,6/6/2021,Boston,Redwoods,Chrome,37,37,13,1,11,14,11,0.35,0.30,6,17,0.35,3,15,0.20,7,17,0.41,8,22,0.36,34,37,8,18,0.44,4,21,0.19,4,10,0.40,3,8,0.38,2,3,18,0.39,3,9,0,4,0,5,0.00,7,3,5,3,2,27,12,26,27,7,29,15,0.6,2,6,8.924085199,#DIV/0!,,,0.50,W,L,0,3,15,19,1.3,14,23,1.6,-0.4,14.7
2021,5,1,6/6/2021,Boston,Chrome,Redwoods,37,37,11,0,13,11,14,0.30,0.35,3,15,0.20,6,17,0.35,8,22,0.36,7,17,0.41,37,34,4,21,0.19,8,18,0.44,3,8,0.38,4,10,0.40,1,9,14,0.57,2,7,3,5,3,2,0.43,9,0,4,0,5,27,7,29,27,12,26,7,0.4,5,8,9.470001016,#DIV/0!,,,0.50,L,L,0,-3,14,23,1.6,15,19,1.3,0.4,12.9
2021,6,2,6/11/2021,Atlanta,Chaos,Waterdogs,39,42,9,3,12,12,14,0.23,0.29,5,15,0.33,8,19,0.42,4,13,0.31,4,22,0.18,28,41,2,9,0.22,2,16,0.13,3,11,0.27,7,17,0.41,1,4,21,0.19,1,9,4,6,6,3,0.44,5,0,3,0,2,25,4,17,30,10,35,13,0.5,-8,6,11.10261519,#DIV/0!,,,0.48,L,L,0,-2,9,19,2.1,11,30,2.7,-0.6,11.8
2021,6,2,6/11/2021,Atlanta,Waterdogs,Chaos,42,39,12,2,9,14,12,0.29,0.23,8,19,0.42,5,15,0.33,4,22,0.18,4,13,0.31,41,28,2,16,0.13,2,9,0.22,7,17,0.41,3,11,0.27,2,4,18,0.22,2,5,0,3,0,2,0.00,9,4,6,6,3,30,10,35,25,4,17,7,0.4,-2,5,11.37587724,#DIV/0!,1494,,0.52,W,W,1,2,11,30,2.7,9,19,2.1,0.6,12.5
2021,7,2,6/12/2021,Atlanta,Cannons,Whipsnakes,41,46,13,1,14,14,15,0.32,0.30,9,28,0.32,8,27,0.30,4,20,0.20,6,20,0.30,48,47,4,23,0.17,4,23,0.17,4,12,0.33,3,7,0.43,3,6,12,0.33,0,8,2,7,2,2,0.25,10,4,9,4,1,27,9,35,29,7,32,17,0.5,5,6,10.84085695,#DIV/0!,1342,,0.47,L,L,0,-1,15,33,2.2,16,31,1.9,0.3,13.8
2021,7,2,6/12/2021,Atlanta,Whipsnakes,Cannons,46,41,14,1,13,15,14,0.30,0.32,8,27,0.30,9,28,0.32,6,20,0.30,4,20,0.20,47,48,4,23,0.17,4,23,0.17,3,7,0.43,4,12,0.33,1,5,18,0.33,1,10,4,9,4,1,0.40,8,2,7,2,2,29,7,32,27,9,35,13,0.5,2,7,10.62406255,#DIV/0!,1554,,0.53,W,W,1,1,16,31,1.9,15,33,2.2,-0.3,15.7
2021,8,2,6/12/21,Atlanta,Atlas,Redwoods,39,39,11,1,9,12,9,0.28,0.23,3,18,0.17,5,19,0.26,8,20,0.40,4,15,0.27,38,34,5,21,0.24,7,19,0.37,2,5,0.40,0,3,0.00,2,5,16,0.50,2,9,3,7,3,2,0.33,7,2,7,2,0,29,8,25,21,6,22,17,0.7,3,5,11.4127958,#DIV/0!,1386,,0.50,W,L,0,3,7,31,4.4,13,21,1.6,2.8,11.5
2021,8,2,6/12/21,Atlanta,Redwoods,Atlas,39,39,9,0,11,9,12,0.23,0.28,5,19,0.26,3,18,0.17,4,15,0.27,8,20,0.40,34,38,7,19,0.37,5,21,0.24,0,3,0.00,2,5,0.40,0,1,14,0.29,0,7,2,7,2,0,0.29,9,3,7,3,2,21,6,22,29,8,25,15,0.6,-1,7,9.882412126,#DIV/0!,1108,,0.50,L,L,0,-3,13,21,1.6,7,31,4.4,-2.8,13.3
2021,9,2,6/13/21,Atlanta,Waterdogs,Chrome,41,36,13,1,8,14,9,0.32,0.22,5,24,0.21,3,13,0.23,8,19,0.42,5,16,0.31,43,29,5,19,0.26,4,16,0.25,6,13,0.46,1,5,0.20,3,6,12,0.67,3,6,1,4,2,2,0.17,8,1,6,2,2,30,11,32,23,6,22,9,0.5,9,6,12.63398959,#DIV/0!,1405,,0.53,W,W,1,5,9,34,3.8,11,18,1.6,2.1,12.1
2021,9,2,6/13/2021,Atlanta,Chrome,Waterdogs,36,41,8,1,13,9,14,0.22,0.32,3,13,0.23,5,24,0.21,5,16,0.31,8,19,0.42,29,43,4,16,0.25,5,19,0.26,1,5,0.20,6,13,0.46,1,4,20,0.25,0,8,1,6,2,2,0.13,6,1,4,2,2,23,6,22,30,11,32,9,0.4,-7,6,10.64377655,#DIV/0!,,,0.47,L,L,0,-5,11,18,1.6,9,34,3.8,-2.1,12.0
2021,10,2,6/13/2021,Atlanta,Chaos,Archers,32,40,6,2,12,8,12,0.19,0.30,2,12,0.17,4,23,0.17,4,19,0.21,8,30,0.27,31,53,1,14,0.07,2,19,0.11,2,7,0.29,5,19,0.26,2,8,14,0.29,2,7,2,6,4,2,0.29,8,2,6,2,2,20,3,23,29,7,39,18,0.6,-4,4,12.40967439,#DIV/0!,,,0.44,L,L,0,-4,7,24,3.4,18,35,1.9,1.5,10.2
2021,10,2,6/13/2021,Atlanta,Archers,Chaos,40,32,12,0,6,12,8,0.30,0.19,4,23,0.17,2,12,0.17,8,30,0.27,4,19,0.21,53,31,2,19,0.11,1,14,0.07,5,19,0.26,2,7,0.29,3,12,15,0.53,3,8,2,6,2,2,0.25,7,2,6,4,2,29,7,39,20,3,23,9,0.6,5,6,9.946726443,#DIV/0!,1418,,0.56,W,W,1,4,18,35,1.9,7,24,3.4,-1.5,16.3
2021,11,3,6/25/2021,Baltimore,Whipsnakes,Atlas,42,41,11,1,10,12,11,0.26,0.24,5,23,0.22,6,21,0.29,6,17,0.35,4,17,0.24,40,38,3,19,0.16,3,18,0.17,3,11,0.27,3,9,0.33,4,8,19,0.32,1,5,4,4,5,1,0.80,9,2,9,2,2,29,5,30,25,7,27,12,0.5,-2,8,9.857731991,#DIV/0!,1330,,0.51,W,W,1,1,14,26,1.9,14,24,1.7,0.1,15.4
2021,11,3,6/25/2021,Baltimore,Atlas,Whipsnakes,41,42,10,1,11,11,12,0.24,0.26,6,21,0.29,5,23,0.22,4,17,0.24,6,17,0.35,38,40,3,18,0.17,3,19,0.16,3,9,0.33,3,11,0.27,0,4,18,0.22,2,9,2,9,2,2,0.22,5,4,4,5,1,25,7,27,29,5,30,14,0.6,-4,4,9.2526325,#DIV/0!,1345,,0.49,L,L,0,-1,14,24,1.7,14,26,1.9,-0.1,13.8
2021,12,3,6/26/21,Baltimore,Redwoods,Chaos,35,31,9,0,10,9,11,0.26,0.32,6,27,0.22,1,9,0.11,3,10,0.30,9,25,0.36,37,34,6,24,0.25,3,14,0.21,3,10,0.30,5,9,0.56,1,2,14,0.21,1,2,0,2,0,0,0.00,6,1,6,1,0,34,9,34,23,9,21,10,0.5,-2,7,9.381096522,#DIV/0!,1448,,0.53,L,W,0,-2,6,31,5.2,9,25,2.8,2.4,11.5
2021,12,3,6/26/21,Baltimore,Chaos,Redwoods,31,35,10,1,9,11,9,0.32,0.26,1,9,0.11,6,27,0.22,9,25,0.36,3,10,0.30,34,37,3,14,0.21,6,24,0.25,5,9,0.56,3,10,0.30,2,7,10,0.90,5,6,1,6,1,0,0.17,2,0,2,0,0,23,9,21,34,9,34,13,0.6,9,7,10.55629682,#DIV/0!,1106,,0.47,W,L,0,2,9,25,2.8,6,31,5.2,-2.4,10.7
2021,13,3,6/26/21,Baltimore,Waterdogs,Archers,34,38,8,0,15,8,17,0.24,0.39,5,15,0.33,3,15,0.20,3,15,0.20,12,27,0.44,30,42,4,12,0.33,5,19,0.26,1,8,0.13,3,9,0.33,1,5,18,0.17,0,8,2,7,2,1,0.25,8,3,7,5,1,24,5,19,26,10,29,12,0.4,-7,6,11.61541538,#DIV/0!,975,,0.47,L,L,0,-9,9,21,2.3,18,24,1.3,1.0,11.7
2021,13,3,6/26/2021,Baltimore,Archers,Waterdogs,38,34,15,2,8,17,8,0.39,0.24,3,15,0.20,5,15,0.33,12,27,0.44,3,15,0.20,42,30,5,19,0.26,4,12,0.33,3,9,0.33,1,8,0.13,3,9,17,0.71,3,8,3,7,5,1,0.38,8,2,7,2,1,26,10,29,24,5,19,8,0.5,10,9,11.27163337,#DIV/0!,,,0.53,W,W,1,9,18,24,1.3,9,21,2.3,-1.0,15.7
2021,14,3,6/27/2021,Baltimore,Cannons,Atlas,43,49,16,1,18,17,18,0.37,0.37,8,16,0.50,10,26,0.39,8,14,0.57,8,25,0.32,30,51,5,13,0.38,5,22,0.23,4,5,0.80,7,15,0.47,4,6,19,0.42,3,7,3,7,3,0,0.43,13,6,12,6,1,31,12,21,31,11,37,16,0.5,5,6,9.552229364,#DIV/0!,,,0.47,L,L,0,-1,16,14,0.9,20,31,1.6,-0.7,14.0
2021,14,3,6/27/2021,Baltimore,Atlas,Cannons,49,43,18,0,16,18,17,0.37,0.37,10,26,0.39,8,16,0.50,8,25,0.32,8,14,0.57,51,30,5,22,0.23,5,13,0.38,7,15,0.47,4,5,0.80,3,6,16,0.50,4,13,6,12,6,1,0.46,7,3,7,3,0,31,11,37,31,12,21,5,0.2,10,10,10.20945555,#DIV/0!,1518,,0.53,W,W,1,1,20,31,1.6,16,14,0.9,0.7,16.3
2021,15,3,6/27/2021,Baltimore,Whipsnakes,Chrome,33,38,6,0,14,6,16,0.18,0.37,3,31,0.10,5,18,0.28,3,15,0.20,9,24,0.38,46,42,3,17,0.18,7,24,0.29,1,17,0.06,3,10,0.30,1,6,11,0.27,0,11,2,8,2,3,0.18,7,3,5,3,2,20,4,31,31,10,31,14,0.5,-2,3,12.65104649,#DIV/0!,1128,,0.46,L,L,0,-10,13,33,2.5,11,31,2.8,-0.3,13.2
2021,15,3,6/27/2021,Baltimore,Chrome,Whipsnakes,38,33,14,2,6,16,6,0.37,0.18,5,18,0.28,3,31,0.10,9,24,0.38,3,15,0.20,42,46,7,24,0.29,3,17,0.18,3,10,0.30,1,17,0.06,4,11,13,0.69,1,7,3,5,3,2,0.43,11,2,8,2,3,31,10,31,20,4,31,20,0.8,10,7,9.7410586,#DIV/0!,1445,,0.54,W,W,1,10,11,31,2.8,13,33,2.5,0.3,13.1
2021,16,4,7/2/2021,Long Island,Chrome,Archers,33,30,8,0,7,8,7,0.24,0.23,5,21,0.24,2,25,0.08,3,12,0.25,5,15,0.33,33,40,7,26,0.27,3,21,0.14,0,2,0.00,0,7,0.00,1,3,17,0.18,0,3,1,3,1,0,0.33,8,1,8,1,0,27,7,30,23,3,28,15,0.7,-6,4,9.444205683,#DIV/0!,1357,,0.52,W,W,1,1,13,20,1.5,18,22,1.2,0.3,11.9
2021,16,4,7/2/21,Long Island,Archers,Chrome,30,33,7,0,8,7,8,0.23,0.24,2,25,0.08,5,21,0.24,5,15,0.33,3,12,0.25,40,33,3,21,0.14,7,26,0.27,0,7,0.00,0,2,0.00,2,6,8,0.63,0,8,1,8,1,0,0.13,3,1,3,1,0,23,3,28,27,7,30,13,0.6,4,5,8.333018154,#DIV/0!,1143,,0.48,L,L,0,-1,18,22,1.2,13,20,1.5,-0.3,14.1
2021,17,4,7/3/21,Long Island,Waterdogs,Redwoods,33,40,15,1,17,16,19,0.45,0.43,4,19,0.21,6,18,0.33,11,29,0.38,11,22,0.50,48,40,6,19,0.32,10,22,0.45,3,9,0.33,3,6,0.50,2,8,9,1.22,3,6,3,5,4,1,0.50,7,1,4,1,3,20,9,31,26,14,31,9,0.3,17,6,10.92769689,#DIV/0!,981,,0.45,L,L,0,-3,17,31,1.8,9,31,3.4,-1.6,14.4
2021,17,4,7/3/2021,Long Island,Redwoods,Waterdogs,40,33,17,2,15,19,16,0.43,0.45,6,18,0.33,4,19,0.21,11,22,0.50,11,29,0.38,40,48,10,22,0.45,6,19,0.32,3,6,0.50,3,9,0.33,3,5,15,0.73,3,7,1,4,1,3,0.14,6,3,5,4,1,26,14,31,20,9,31,11,0.4,13,7,10.51893254,#DIV/0!,,,0.55,W,W,1,3,9,31,3.4,17,31,1.8,1.6,14.3
2021,18,4,7/3/2021,Long Island,Chaos,Cannons,45,37,14,0,9,14,10,0.31,0.24,4,14,0.29,4,13,0.31,10,22,0.45,5,22,0.23,36,35,3,10,0.30,4,18,0.22,5,8,0.63,2,6,0.33,3,8,22,0.45,4,13,4,11,4,3,0.31,5,1,3,2,2,28,9,21,27,7,27,17,0.7,2,7,10.37435971,#DIV/0!,,,0.55,W,W,1,4,20,16,0.8,13,22,1.7,-0.9,16.3
2021,18,4,7/3/2021,Long Island,Cannons,Chaos,37,45,9,1,14,10,14,0.24,0.31,4,13,0.31,4,14,0.29,5,22,0.23,10,22,0.45,35,36,4,18,0.22,3,10,0.30,2,6,0.33,5,8,0.63,1,7,12,0.42,1,5,1,3,2,2,0.20,13,4,11,4,3,27,7,27,28,9,21,12,0.5,2,6,10.2751691,#DIV/0!,1035,,0.45,L,L,0,-4,13,22,1.7,20,16,0.8,0.9,11.7
2021,19,4,7/4/2021,Long Island,Atlas,Chrome,40,35,13,3,10,16,10,0.33,0.29,6,22,0.27,4,15,0.27,7,13,0.54,6,19,0.32,35,34,9,21,0.43,6,19,0.32,0,5,0.00,0,4,0.00,3,4,16,0.44,0,7,3,6,5,1,0.43,7,2,6,2,1,29,9,27,27,6,22,12,0.5,4,7,11.22204218,#DIV/0!,1398,,0.53,W,W,1,6,9,26,2.9,10,24,2.4,0.5,12.2
2021,19,4,7/4/21,Long Island,Chrome,Atlas,35,40,10,0,13,10,16,0.29,0.33,4,15,0.27,6,22,0.27,6,19,0.32,7,13,0.54,34,35,6,19,0.32,9,21,0.43,0,4,0.00,0,5,0.00,1,7,15,0.40,0,7,2,6,2,1,0.29,7,3,6,5,1,27,6,22,29,9,27,7,0.4,1,7,11.5857321,#DIV/0!,1003,,0.47,L,L,0,-6,10,24,2.4,9,26,2.9,-0.5,11.1
2021,20,4,7/4/21,Long Island,Whipsnakes,Archers,41,35,14,1,14,15,14,0.34,0.40,5,21,0.24,6,18,0.33,9,31,0.29,8,10,0.80,52,28,7,24,0.29,5,13,0.38,3,14,0.21,6,10,0.60,7,13,13,0.69,1,10,1,9,1,1,0.10,6,1,2,1,4,29,10,36,25,10,22,4,0.2,10,6,10.66007136,#DIV/0!,1601,,0.54,W,W,1,1,19,33,1.7,12,16,1.3,0.4,17.4
2021,20,4,7/4/21,Long Island,Archers,Whipsnakes,35,41,14,0,14,14,15,0.40,0.34,6,18,0.33,5,21,0.24,8,10,0.80,9,31,0.29,28,52,5,13,0.38,7,24,0.29,6,10,0.60,3,14,0.21,1,1,16,0.50,5,6,1,2,1,4,0.17,10,1,9,1,1,25,10,22,29,10,36,11,0.4,6,8,9.3909757,#DIV/0!,1150,,0.46,L,L,0,-1,12,16,1.3,19,33,1.7,-0.4,10.7
2021,21,5,7/9/21,Minnesota,Waterdogs,Cannons,45,33,18,1,7,19,7,0.40,0.21,9,26,0.35,3,17,0.18,9,24,0.38,4,11,0.36,50,28,5,23,0.22,3,17,0.18,7,10,0.70,2,4,0.50,4,11,17,0.53,2,10,3,8,4,2,0.30,7,2,6,2,1,32,11,32,22,4,18,9,0.6,10,10,10.20142115,#DIV/0!,1578,,0.58,W,W,1,12,21,29,1.4,8,20,2.5,-1.1,16.2
2021,21,5,7/9/2021,Minnesota,Cannons,Waterdogs,33,45,7,0,18,7,19,0.21,0.40,3,17,0.18,9,26,0.35,4,11,0.36,9,24,0.38,28,50,3,17,0.18,5,23,0.22,2,4,0.50,7,10,0.70,2,4,16,0.25,1,7,2,6,2,1,0.29,10,3,8,4,2,22,4,18,32,11,32,12,0.4,-5,4,9.696344831,#DIV/0!,,,0.42,L,L,0,-12,8,20,2.5,21,29,1.4,1.1,11.7
2021,22,5,7/10/2021,Minnesota,Whipsnakes,Redwoods,31,33,7,0,13,7,13,0.23,0.39,3,22,0.14,8,25,0.32,4,24,0.17,5,17,0.29,46,42,4,26,0.15,8,22,0.36,1,6,0.17,4,14,0.29,1,9,10,0.40,1,3,0,4,0,0,0.00,2,0,2,0,0,25,5,32,28,12,35,6,0.3,1,4,9.658443717,#DIV/0!,,,0.48,L,L,0,-6,13,33,2.5,11,31,2.8,-0.3,13.9
2021,22,5,7/10/2021,Minnesota,Redwoods,Whipsnakes,33,31,13,0,7,13,7,0.39,0.23,8,25,0.32,3,22,0.14,5,17,0.29,4,24,0.17,42,46,8,22,0.36,4,26,0.15,4,14,0.29,1,6,0.17,1,3,13,0.38,1,2,0,2,0,0,0.00,3,0,4,0,0,28,12,35,25,5,32,12,0.6,5,6,8.4962555,#DIV/0!,1513,,0.52,W,W,1,6,11,31,2.8,13,33,2.5,0.3,13.4
2021,23,5,7/10/2021,Minnesota,Chaos,Atlas,36,43,9,1,15,10,16,0.25,0.35,4,16,0.25,8,22,0.36,5,13,0.38,7,25,0.28,29,47,2,10,0.20,5,19,0.26,4,12,0.33,8,20,0.40,1,1,14,0.36,1,8,2,5,3,3,0.25,6,1,5,1,1,21,5,19,32,11,36,14,0.5,0,6,10.65455612,#DIV/0!,1048,,0.46,L,L,0,-6,6,23,3.8,13,34,2.6,1.2,10.5
2021,23,5,7/10/2021,Minnesota,Atlas,Chaos,43,36,15,1,9,16,10,0.35,0.25,8,22,0.36,4,16,0.25,7,25,0.28,5,13,0.38,47,29,5,19,0.26,2,10,0.20,8,20,0.40,4,12,0.33,1,7,13,0.54,4,6,1,5,1,1,0.17,8,2,5,3,3,32,11,36,21,5,19,9,0.5,9,8,9.257393084,#DIV/0!,#N/A,,0.54,W,W,1,6,13,34,2.6,6,23,3.8,-1.2,13.6
2021,24,5,7/11/2021,Minnesota,Chrome,Waterdogs,32,39,6,0,12,6,12,0.19,0.31,4,17,0.24,7,26,0.27,2,14,0.14,5,19,0.26,31,45,3,18,0.17,6,16,0.38,1,6,0.17,2,8,0.25,0,3,19,0.11,1,9,1,6,1,3,0.11,11,4,12,4,1,22,4,23,25,8,25,13,0.5,-11,3,10.12745265,#DIV/0!,894,,0.45,L,L,0,-6,11,20,1.8,21,24,1.1,0.7,12.1
2021,24,5,7/11/21,Minnesota,Waterdogs,Chrome,39,32,12,0,6,12,6,0.31,0.19,7,26,0.27,4,17,0.24,5,19,0.26,2,14,0.14,45,31,6,16,0.38,3,18,0.17,2,8,0.25,1,6,0.17,1,5,15,0.33,0,11,4,12,4,1,0.36,9,1,6,1,3,25,8,25,22,4,23,6,0.5,2,8,9.372948107,#DIV/0!,1399,,0.55,W,W,1,6,21,24,1.1,11,20,1.8,-0.7,16.0
2021,25,5,7/11/21,Minnesota,Cannons,Archers,40,36,13,0,12,13,12,0.33,0.33,5,19,0.26,5,22,0.23,8,25,0.32,7,24,0.29,44,46,5,23,0.22,3,16,0.19,8,11,0.73,6,13,0.46,1,8,12,0.67,3,7,0,8,0,0,0.00,9,2,9,2,0,30,12,32,22,8,28,13,0.5,9,5,9.342726436,#DIV/0!,1594,,0.53,W,W,1,1,18,26,1.4,11,35,3.2,-1.7,15.5
2021,25,5,7/11/2021,Minnesota,Archers,Cannons,36,40,12,0,13,12,13,0.33,0.33,5,22,0.23,5,19,0.26,7,24,0.29,8,25,0.32,46,44,3,16,0.19,5,23,0.22,6,13,0.46,8,11,0.73,1,7,10,0.70,3,9,2,9,2,0,0.22,7,0,8,0,0,22,8,28,30,12,32,12,0.5,9,8,9.578247394,#DIV/0!,,,0.47,L,L,0,-1,11,35,3.2,18,26,1.4,1.7,13.4
2021,26,7,7/30/2021,Colorado Springs,Atlas,Chrome,44,31,17,2,10,19,10,0.39,0.32,8,25,0.32,3,15,0.20,9,20,0.45,7,13,0.54,45,28,8,19,0.42,3,13,0.23,4,14,0.29,3,6,0.50,2,7,13,0.69,2,10,4,11,4,0,0.40,5,2,4,2,1,34,13,32,16,3,15,9,0.5,13,9,9.212397315,#DIV/0!,1538,,0.59,W,W,1,9,22,23,1.0,6,22,3.7,-2.6,17.1
2021,26,7,7/30/2021,Colorado Springs,Chrome,Atlas,31,44,10,0,17,10,19,0.32,0.39,3,15,0.20,8,25,0.32,7,13,0.54,9,20,0.45,28,45,3,13,0.23,8,19,0.42,3,6,0.50,4,14,0.29,2,4,11,0.64,0,5,2,4,2,1,0.40,10,4,11,4,0,16,3,15,34,13,32,15,0.5,6,5,10.60053423,#DIV/0!,865,,0.41,L,L,0,-9,6,22,3.7,22,23,1.0,2.6,9.9
2021,27,7,7/31/2021,Colorado Springs,Redwoods,Archers,41,41,9,3,15,12,15,0.22,0.37,5,24,0.21,8,20,0.40,4,20,0.20,7,21,0.33,44,41,5,27,0.19,5,11,0.45,2,9,0.22,6,14,0.43,1,7,18,0.22,1,6,2,4,3,2,0.33,9,2,9,2,1,25,5,33,22,11,25,10,0.4,-5,6,9.57716302,#DIV/0!,1382,,0.50,L,L,0,-3,15,29,1.9,12,29,2.4,-0.5,16.8
2021,27,7,7/31/21,Colorado Springs,Archers,Redwoods,41,41,15,0,9,15,12,0.37,0.22,8,20,0.40,5,24,0.21,7,21,0.33,4,20,0.20,41,44,5,11,0.45,5,27,0.19,6,14,0.43,2,9,0.22,1,5,13,0.54,4,9,2,9,2,1,0.22,6,2,4,3,2,22,11,25,25,5,33,14,0.6,9,7,12.01915234,#DIV/0!,1199,,0.50,W,L,0,3,12,29,2.4,15,29,1.9,0.5,11.6
2021,28,7,8/1/21,Colorado Springs,Waterdogs,Whipsnakes,40,35,9,2,6,11,6,0.23,0.17,2,22,0.09,4,25,0.16,7,26,0.27,2,17,0.12,48,42,4,23,0.17,3,23,0.13,2,9,0.22,2,9,0.22,1,9,17,0.41,1,10,3,7,4,3,0.30,9,0,7,0,2,29,5,33,26,6,32,20,0.8,-1,6,10.70076159,#DIV/0!,1210,,0.53,W,W,1,5,17,31,1.8,14,28,2.0,-0.2,15.4
2021,28,7,8/1/21,Colorado Springs,Whipsnakes,Waterdogs,35,40,6,0,9,6,11,0.17,0.23,4,25,0.16,2,22,0.09,2,17,0.12,7,26,0.27,42,48,3,23,0.13,4,23,0.17,2,9,0.22,2,9,0.22,0,6,14,0.14,1,9,0,7,0,2,0.00,10,3,7,4,3,26,6,32,29,5,33,12,0.6,-6,4,10.76595489,#DIV/0!,998,,0.47,L,L,0,-5,14,28,2.0,17,31,1.8,0.2,15.0
2021,29,7,8/1/2021,Colorado Springs,Chaos,Chrome,41,38,13,1,10,14,12,0.32,0.26,6,20,0.30,3,27,0.11,7,20,0.35,7,20,0.35,40,47,3,11,0.27,5,23,0.22,5,18,0.28,0,9,0.00,2,5,16,0.44,2,14,4,9,5,5,0.29,7,3,7,4,0,24,7,28,27,6,33,18,0.6,4,7,9.7416864,#DIV/0!,,,0.52,W,W,1,2,18,22,1.2,11,36,3.3,-2.1,15.3
2021,29,7,8/1/2021,Colorado Springs,Chrome,Chaos,38,41,10,2,13,12,14,0.26,0.32,3,27,0.11,6,20,0.30,7,20,0.35,7,20,0.35,47,40,5,23,0.22,3,11,0.27,0,9,0.00,5,18,0.28,2,6,14,0.50,0,7,3,7,4,0,0.43,14,4,9,5,5,27,6,33,24,7,28,12,0.5,3,5,10.15708089,#DIV/0!,,,0.48,L,L,0,-2,11,36,3.3,18,22,1.2,2.1,14.0
2021,30,7,8/1/2021,Colorado Springs,Atlas,Cannons,37,31,11,2,12,13,12,0.30,0.39,5,28,0.18,4,18,0.22,6,20,0.30,8,16,0.50,48,34,5,27,0.19,6,16,0.38,4,14,0.29,3,12,0.25,2,10,11,0.55,2,10,2,8,3,2,0.20,5,2,4,2,1,31,8,39,25,9,28,8,0.4,6,6,10.78958354,#DIV/0!,1447,,0.54,W,W,1,1,10,38,3.8,18,16,0.9,2.9,12.5
2021,30,7,8/1/2021,Colorado Springs,Cannons,Atlas,31,37,12,0,11,12,13,0.39,0.30,4,18,0.22,5,28,0.18,8,16,0.50,6,20,0.30,34,48,6,16,0.38,5,27,0.19,3,12,0.25,4,14,0.29,3,5,12,0.67,2,5,2,4,2,1,0.40,10,2,8,3,2,25,9,28,31,8,39,16,0.6,8,4,8.358812606,#DIV/0!,1091,,0.46,L,L,0,-1,18,16,0.9,10,38,3.8,-2.9,12.7
2021,32,8,8/13/2021,Albany,Archers,Chaos,40,41,9,0,10,9,11,0.23,0.24,3,17,0.18,5,22,0.23,6,17,0.35,5,18,0.28,34,40,4,12,0.33,5,19,0.26,2,9,0.22,2,9,0.22,4,7,19,0.32,2,8,1,5,1,3,0.13,13,3,10,4,3,27,7,25,28,7,29,16,0.6,-4,5,9.633743223,#DIV/0!,1163,,0.49,L,L,0,-2,21,13,0.6,10,30,3.0,-2.4,13.9
2021,32,8,8/13/21,Albany,Chaos,Archers,41,40,10,1,9,11,9,0.24,0.23,5,22,0.23,3,17,0.18,5,18,0.28,6,17,0.35,40,34,5,19,0.26,4,12,0.33,2,9,0.22,2,9,0.22,0,4,13,0.38,1,13,3,10,4,3,0.23,8,1,5,1,3,28,7,29,27,7,25,10,0.5,2,6,11.04770313,#DIV/0!,1221,,0.51,W,W,1,2,10,30,3.0,21,13,0.6,2.4,13.3
2021,31,8,8/14/21,Albany,Redwoods,Whipsnakes,37,41,12,0,14,12,14,0.32,0.34,7,15,0.47,6,29,0.21,5,13,0.38,8,17,0.47,28,46,7,17,0.41,4,24,0.17,2,8,0.25,8,17,0.47,2,5,18,0.28,0,2,1,1,1,1,0.50,7,3,3,3,4,28,9,24,26,10,39,12,0.5,-1,6,9.569384576,#DIV/0!,1098,,0.47,L,L,0,-2,17,11,0.6,18,28,1.6,-0.9,11.5
2021,31,8,8/14/21,Albany,Whipsnakes,Redwoods,41,37,14,0,12,14,12,0.34,0.32,6,29,0.21,7,15,0.47,8,17,0.47,5,13,0.38,46,28,4,24,0.17,7,17,0.41,8,17,0.47,2,8,0.25,2,2,17,0.47,4,7,3,3,3,4,0.43,2,1,1,1,1,26,10,39,28,9,24,8,0.4,5,5,10.09900462,#DIV/0!,1285,,0.53,W,W,1,2,18,28,1.6,17,11,0.6,0.9,14.7
2021,33,8,8/14/2021,Albany,Atlas,Waterdogs,41,40,9,0,10,9,10,0.22,0.25,2,15,0.13,5,15,0.33,7,25,0.28,5,17,0.29,40,32,5,24,0.21,3,9,0.33,1,4,0.25,3,11,0.27,4,11,16,0.44,1,10,1,8,1,3,0.10,11,3,9,3,2,32,6,30,25,5,19,10,0.5,0,7,11.9355358,#DIV/0!,,,0.51,L,W,0,-1,11,29,2.6,10,22,2.2,0.4,14.0
2021,33,8,8/14/2021,Albany,Waterdogs,Atlas,40,41,10,0,9,10,9,0.25,0.22,5,15,0.33,2,15,0.13,5,17,0.29,7,25,0.28,32,40,3,9,0.33,5,24,0.21,3,11,0.27,1,4,0.25,2,8,19,0.26,1,11,3,9,3,2,0.27,10,1,8,1,3,25,5,19,32,6,30,15,0.6,-4,8,10.37929332,#DIV/0!,,,0.49,W,L,0,1,10,22,2.2,11,29,2.6,-0.4,12.5
2021,34,8,8/15/2021,Albany,Chrome,Cannons,38,35,10,0,12,10,13,0.26,0.34,2,27,0.07,7,21,0.33,8,20,0.40,5,16,0.31,47,37,3,21,0.14,9,21,0.43,4,15,0.27,2,9,0.22,1,3,14,0.57,4,6,0,5,0,1,0.00,3,0,4,0,0,27,9,39,25,10,28,13,0.5,4,5,9.66397377,#DIV/0!,,,0.52,L,W,0,-3,15,32,2.1,15,22,1.5,0.7,13.7
2021,34,8,8/15/2021,Albany,Cannons,Chrome,35,38,12,1,10,13,10,0.34,0.26,7,21,0.33,2,27,0.07,5,16,0.31,8,20,0.40,37,47,9,21,0.43,3,21,0.14,2,9,0.22,4,15,0.27,2,6,12,0.42,0,3,0,4,0,0,0.00,6,0,5,0,1,25,10,28,27,9,39,15,0.6,5,6,9.15480745,#DIV/0!,,,0.48,W,L,0,3,15,22,1.5,15,32,2.1,-0.7,14.0
2021,35,8,8/15/2021,Albany,Chaos,Redwoods,41,34,9,0,8,9,10,0.22,0.24,2,13,0.15,2,24,0.08,7,27,0.26,6,17,0.35,40,41,4,16,0.25,2,18,0.11,3,10,0.30,2,13,0.15,3,6,16,0.44,3,9,1,8,1,2,0.11,7,2,6,2,1,26,6,23,24,4,30,14,0.6,0,5,7.556381758,#DIV/0!,,,0.55,L,W,0,-1,24,16,0.7,10,31,3.1,-2.4,17.2
2021,35,8,8/15/2021,Albany,Redwoods,Chaos,34,41,8,2,9,10,9,0.24,0.22,2,24,0.08,2,13,0.15,6,17,0.35,7,27,0.26,41,40,2,18,0.11,4,16,0.25,2,13,0.15,3,10,0.30,3,5,13,0.46,2,7,2,6,2,1,0.29,9,1,8,1,2,24,4,30,26,6,23,16,0.6,1,5,9.786843933,#DIV/0!,,,0.45,W,L,0,1,10,31,3.1,24,16,0.7,2.4,12.7
2021,36,8,8/15/2021,Albany,Archers,Whipsnakes,37,39,15,0,13,15,14,0.41,0.33,8,23,0.35,10,35,0.29,7,15,0.47,3,17,0.18,38,52,6,19,0.32,3,19,0.16,5,8,0.63,6,18,0.33,0,1,12,0.58,2,9,3,7,3,2,0.33,11,3,12,3,0,27,11,28,29,9,36,16,0.6,10,8,9.228727724,#DIV/0!,,,0.49,W,L,0,1,16,22,1.4,18,34,1.9,-0.5,11.6
2021,36,8,8/15/2021,Albany,Whipsnakes,Archers,39,37,13,1,15,14,15,0.33,0.41,10,35,0.29,8,23,0.35,3,17,0.18,7,15,0.47,52,38,3,19,0.16,6,19,0.32,6,18,0.33,5,8,0.63,1,8,12,0.25,0,11,3,12,3,0,0.27,9,3,7,3,2,29,9,36,27,11,28,9,0.4,4,6,9.736877574,#DIV/0!,,,0.51,L,W,0,-1,18,34,1.9,16,22,1.4,0.5,15.7
2021,37,9,8/20/2021,Salt Lake City,Archers,Chaos,35,39,10,0,12,10,13,0.29,0.31,4,18,0.22,3,17,0.18,6,21,0.29,9,18,0.50,39,35,1,17,0.06,4,17,0.24,3,9,0.33,4,7,0.57,3,6,12,0.50,0,5,2,3,2,2,0.40,7,3,6,3,1,21,5,28,27,8,27,8,0.4,4,6,9.7776082,#DIV/0!,,,0.47,L,L,0,-3,16,23,1.4,21,14,0.7,0.8,12.6
2021,37,9,8/20/2021,Salt Lake City,Chaos,Archers,39,35,12,1,10,13,10,0.31,0.29,3,17,0.18,4,18,0.22,9,18,0.50,6,21,0.29,35,39,4,17,0.24,1,17,0.06,4,7,0.57,3,9,0.33,4,7,18,0.50,4,7,3,6,3,1,0.43,5,2,3,2,2,27,8,27,21,5,28,13,0.6,3,7,8.558879578,#DIV/0!,,,0.53,W,W,1,3,21,14,0.7,16,23,1.4,-0.8,15.6
2021,38,9,8/21/2021,Salt Lake City,Atlas,Cannons,39,33,13,0,8,13,9,0.33,0.24,3,20,0.15,2,24,0.08,10,23,0.43,6,16,0.38,43,40,4,23,0.17,1,22,0.05,1,4,0.25,4,9,0.44,6,9,15,0.67,1,10,3,8,3,2,0.30,4,2,5,2,0,26,6,28,21,5,30,11,0.6,8,6,10.41721634,#DIV/0!,,,0.54,W,W,1,4,15,28,1.9,11,29,2.6,-0.8,14.1
2021,38,9,8/21/2021,Salt Lake City,Cannons,Atlas,33,39,8,1,13,9,13,0.24,0.33,2,24,0.08,3,20,0.15,6,16,0.38,10,23,0.43,40,43,1,22,0.05,4,23,0.17,4,9,0.44,1,4,0.25,3,9,15,0.40,3,4,2,5,2,0,0.50,10,3,8,3,2,21,5,30,26,6,28,13,0.5,-1,4,11.13257464,#DIV/0!,,,0.46,L,L,0,-4,11,29,2.6,15,28,1.9,0.8,13.6
2021,39,9,8/21/2021,Salt Lake City,Redwoods,Whipsnakes,35,39,13,0,13,13,14,0.37,0.33,5,18,0.28,6,24,0.25,8,14,0.57,7,22,0.32,32,46,7,21,0.33,4,20,0.20,2,5,0.40,6,13,0.46,0,3,16,0.50,2,3,1,2,1,1,0.33,6,4,6,5,0,25,10,27,27,9,32,15,0.5,5,6,10.34202377,#DIV/0!,,,0.47,L,L,0,-1,15,17,1.1,16,30,1.9,-0.7,11.8
2021,39,9,8/21/2021,Salt Lake City,Whipsnakes,Redwoods,39,35,13,1,13,14,13,0.33,0.37,6,24,0.25,5,18,0.28,7,22,0.32,8,14,0.57,46,32,4,20,0.20,7,21,0.33,6,13,0.46,2,5,0.40,2,4,10,0.70,3,6,4,6,5,0,0.67,3,1,2,1,1,27,9,32,25,10,27,7,0.4,10,6,11.33065371,#DIV/0!,,,0.53,W,W,1,1,16,30,1.9,15,17,1.1,0.7,12.4
2021,40,10,9/5/2021,Philadelphia,Atlas,Chaos,43,43,8,1,13,9,15,0.19,0.30,3,24,0.13,5,16,0.31,5,26,0.19,8,19,0.42,50,35,2,17,0.12,4,12,0.33,3,14,0.21,4,11,0.36,2,14,14,0.36,2,11,3,10,3,1,0.27,16,4,10,6,6,30,5,31,25,8,22,13,0.5,-1,5,11.6533697,#DIV/0!,,,0.50,L,L,0,-6,16,34,2.1,14,21,1.5,0.6,14.7
2021,40,10,9/5/2021,Philadelphia,Chaos,Atlas,43,43,13,2,8,15,9,0.30,0.19,5,16,0.31,3,24,0.13,8,19,0.42,5,26,0.19,35,50,4,12,0.33,2,17,0.12,4,11,0.36,3,14,0.21,4,7,20,0.40,3,16,4,10,6,6,0.25,11,3,10,3,1,25,8,22,30,5,31,17,0.7,1,6,9.246447651,#DIV/0!,,,0.50,W,L,0,6,14,21,1.5,16,34,2.1,-0.6,15.6
2021,41,10,9/5/2021,Philadelphia,Whipsnakes,Waterdogs,37,33,14,0,10,14,10,0.38,0.30,8,20,0.40,5,14,0.36,6,18,0.33,5,18,0.28,38,32,3,16,0.19,5,18,0.28,7,13,0.54,4,6,0.67,3,6,15,0.40,1,1,0,1,0,0,0.00,6,0,5,0,1,28,11,32,24,9,25,11,0.5,5,7,10.69043818,#DIV/0!,,,0.53,W,W,1,4,8,30,3.8,10,22,2.2,1.6,12.7
2021,41,10,9/5/2021,Philadelphia,Waterdogs,Whipsnakes,33,37,10,0,14,10,14,0.30,0.38,5,14,0.36,8,20,0.40,5,18,0.28,6,18,0.33,32,38,5,18,0.28,3,16,0.19,4,6,0.67,7,13,0.54,1,3,9,0.56,2,6,0,5,0,1,0.00,1,0,1,0,0,24,9,25,28,11,32,7,0.3,6,6,10.6664765,#DIV/0!,,,0.47,L,L,0,-4,10,22,2.2,8,30,3.8,-1.6,10.3
2021,42,11,9/19/2021,D.C.,Whipsnakes,Chaos,36,38,9,0,14,9,14,0.25,0.37,3,22,0.14,6,19,0.32,6,14,0.43,8,19,0.42,36,38,3,15,0.20,9,24,0.38,2,6,0.33,2,6,0.33,2,4,11,0.55,2,6,0,7,0,0,0.00,5,1,4,1,1,23,5,22,32,11,30,8,0.4,4,5,#DIV/0!,#DIV/0!,,,0.49,L,L,0,-5,26,10,0.4,15,23,1.5,-1.1,14.3
2021,42,11,9/19/2021,D.C.,Chaos,Whipsnakes,38,36,14,0,9,14,9,0.37,0.25,6,19,0.32,3,22,0.14,8,19,0.42,6,14,0.43,38,36,9,24,0.38,3,15,0.20,2,6,0.33,2,6,0.33,2,6,14,0.57,1,5,1,4,1,1,0.20,6,0,7,0,0,32,11,30,23,5,22,14,0.6,8,7,#DIV/0!,#DIV/0!,,,0.51,W,W,1,5,15,23,1.5,26,10,0.4,1.1,12.5
2022,2,1,6/4/2022,Alabany,Redwoods,Atlas,34,37,10,1,16,11,17,0.29,0.43,4,20,0.20,3,12,0.25,6,16,0.38,13,19,0.68,36,31,8,23,0.35,8,15,0.53,0,5,0.00,2,5,0.40,3,7,17,0.35,0,3,0,2,0,1,0.00,8,5,6,6,2,26,9,26,26,10,21,4,0.2,-1,6,8.957298092,#DIV/0!,,,0.48,L,L,0,-6,17,19,1.1,19,12,0.6,0.5,15.0
2022,2,1,6/4/2022,Alabany,Atlas,Redwoods,37,34,16,1,10,17,11,0.43,0.29,3,12,0.25,4,20,0.20,13,19,0.68,6,16,0.38,31,36,8,15,0.53,8,23,0.35,2,5,0.40,0,5,0.00,4,7,16,0.81,1,8,5,6,6,2,0.63,3,0,2,0,1,26,10,21,26,9,26,10,0.5,13,8,9.788336608,#DIV/0!,,,0.52,W,W,1,6,19,12,0.6,17,19,1.1,-0.5,13.0
2022,1,1,6/4/2022,Albany,Chaos,Whipsnakes,34,35,7,1,9,8,9,0.21,0.26,2,9,0.22,6,32,0.19,5,12,0.42,3,17,0.18,21,49,1,10,0.10,3,21,0.14,2,4,0.50,2,13,0.15,2,4,17,0.29,1,5,2,4,3,2,0.40,7,2,7,2,0,24,4,15,27,6,36,14,0.6,-5,6,10.04485943,#DIV/0!,,,0.49,L,L,0,-1,10,11,1.1,10,39,3.9,-2.8,9.3
2022,1,1,6/4/2022,Albany,Whipsnakes,Chaos,35,34,9,0,7,9,8,0.26,0.21,6,32,0.19,2,9,0.22,3,17,0.18,5,12,0.42,49,21,3,21,0.14,1,10,0.10,2,13,0.15,2,4,0.50,2,7,9,0.33,1,7,2,7,2,0,0.29,5,2,4,3,2,27,6,36,24,4,15,9,0.6,3,6,9.14861336,#DIV/0!,,,0.51,W,W,1,1,10,39,3.9,10,11,1.1,2.8,13.9
2022,3,1,6/5/2022,Alabany,Cannons,Waterdogs,42,39,17,0,8,17,8,0.40,0.21,7,17,0.41,5,19,0.26,10,23,0.43,3,24,0.13,40,43,3,13,0.23,3,16,0.19,6,15,0.40,3,12,0.25,3,6,15,0.67,4,11,7,8,7,3,0.64,10,1,8,1,3,25,9,29,24,5,24,20,0.7,12,10,8.596369241,#DIV/0!,,,0.52,W,W,1,9,21,19,0.9,14,29,2.1,-1.2,15.9
2022,3,1,6/5/2022,Alabany,Waterdogs,Cannons,39,42,8,0,17,8,17,0.21,0.40,5,19,0.26,7,17,0.41,3,24,0.13,10,23,0.43,43,40,3,16,0.19,3,13,0.23,3,12,0.25,6,15,0.40,1,12,10,0.30,1,10,1,8,1,3,0.10,11,7,8,7,3,24,5,24,25,9,29,11,0.4,1,6,9.858021568,#DIV/0!,,,0.48,L,L,0,-9,14,29,2.1,21,19,0.9,1.2,13.2
2022,4,1,6/5/2022,Albany,Chrome,Archers,37,35,10,1,10,11,10,0.27,0.29,4,16,0.25,2,14,0.14,6,20,0.30,8,25,0.32,36,39,4,16,0.25,2,13,0.15,3,7,0.43,2,14,0.14,3,8,16,0.38,1,7,2,7,3,1,0.29,9,4,9,4,0,27,7,26,23,4,27,12,0.5,0,7,9.265936083,#DIV/0!,,,0.51,W,W,1,1,18,18,1.0,11,28,2.5,-1.5,14.8
2022,4,1,6/5/2022,Albany,Archers,Chrome,35,37,10,0,10,10,11,0.29,0.27,2,14,0.14,4,16,0.25,8,25,0.32,6,20,0.30,39,36,2,13,0.15,4,16,0.25,2,14,0.14,3,7,0.43,6,8,14,0.57,1,9,4,9,4,0,0.44,7,2,7,3,1,23,4,27,27,7,26,10,0.5,4,5,9.546819323,#DIV/0!,,,0.49,L,L,0,-1,11,28,2.5,18,18,1.0,1.5,12.7
2022,5,2,6/10/2022,Charlotte,Redwoods,Chrome,29,38,3,0,12,3,12,0.10,0.32,2,13,0.15,5,25,0.20,1,10,0.10,7,14,0.50,23,39,1,13,0.08,4,18,0.22,1,6,0.17,3,7,0.43,0,1,21,0.05,0,3,0,2,0,1,0.00,7,3,8,3,1,23,2,20,28,8,28,7,0.4,-17,3,10.79150946,#DIV/0!,,,0.43,L,L,0,-9,10,13,1.3,15,24,1.6,-0.3,10.5
2022,5,2,6/10/2022,Charlotte,Chrome,Redwoods,38,29,12,0,3,12,3,0.32,0.10,5,25,0.20,2,13,0.15,7,14,0.50,1,10,0.10,39,23,4,18,0.22,1,13,0.08,3,7,0.43,1,6,0.17,4,7,16,0.44,1,7,3,8,3,1,0.43,3,0,2,0,1,28,8,28,23,2,20,8,0.7,3,7,10.07032082,#DIV/0!,,,0.57,W,W,1,9,15,24,1.6,10,13,1.3,0.3,13.7
2022,6,2,6/10/2022,Charlotte,Chaos,Archers,37,36,10,2,15,12,17,0.27,0.42,3,18,0.17,9,22,0.41,6,18,0.33,6,12,0.50,37,34,0,13,0.00,7,15,0.47,1,6,0.17,3,6,0.50,4,10,17,0.35,0,12,5,10,7,2,0.42,10,3,8,3,2,23,1,21,24,10,22,8,0.3,-1,6,11.61282679,#DIV/0!,,,0.51,L,W,0,-5,12,25,2.1,11,23,2.1,0.0,13.4
2022,6,2,6/10/2022,Charlotte,Archers,Chaos,36,37,15,2,10,17,12,0.42,0.27,9,22,0.41,3,18,0.17,6,12,0.50,6,18,0.33,34,37,7,15,0.47,0,13,0.00,3,6,0.50,1,6,0.17,4,5,15,0.40,2,10,3,8,3,2,0.30,12,5,10,7,2,24,10,22,23,1,21,13,0.6,6,7,10.57088818,,,,0.49,W,L,0,5,11,23,2.1,12,25,2.1,0.0,11.6
2022,7,2,6/11/2022,Charlotte,Atlas,Cannons,43,33,14,2,7,16,8,0.33,0.21,6,26,0.23,4,18,0.22,8,21,0.38,3,14,0.21,47,32,5,24,0.21,4,18,0.22,1,3,0.33,1,5,0.20,3,5,14,0.57,0,14,6,14,7,1,0.43,2,0,1,0,1,26,6,27,23,6,26,11,0.6,8,11,10.34984695,,,,0.57,W,W,1,8,19,28,1.5,9,23,2.6,-1.1,14.8
2022,7,2,6/11/2022,Charlotte,Cannons,Atlas,33,43,7,1,14,8,16,0.21,0.33,4,18,0.22,6,26,0.23,3,14,0.21,8,21,0.38,32,47,4,18,0.22,5,24,0.21,1,5,0.20,1,3,0.33,2,3,15,0.20,1,2,0,1,0,1,0.00,14,6,14,7,1,23,6,26,26,6,27,14,0.5,-5,6,11.39210099,,,,0.43,L,L,0,-8,9,23,2.6,19,28,1.5,1.1,11.4
2022,8,2,6/11/2022,Charlotte,Whipsnakes,Waterdogs,47,37,12,0,10,12,11,0.26,0.27,4,25,0.16,5,15,0.33,8,20,0.40,5,22,0.23,45,37,3,20,0.15,6,19,0.32,4,16,0.25,3,7,0.43,2,5,24,0.33,3,6,3,5,3,1,0.50,6,0,6,0,0,30,7,37,31,9,27,14,0.6,-4,6,9.34002877,,,,0.56,W,W,1,1,19,26,1.4,10,27,2.7,-1.3,18.5
2022,8,2,6/11/2022,Charlotte,Waterdogs,Whipsnakes,37,47,10,1,12,11,12,0.27,0.26,5,15,0.33,4,25,0.16,5,22,0.23,8,20,0.40,37,45,6,19,0.32,3,20,0.15,3,7,0.43,4,16,0.25,1,6,14,0.36,2,6,0,6,0,0,0.00,6,3,5,3,1,31,9,27,30,7,37,16,0.6,1,6,11.36714893,,,,0.44,L,L,0,-1,10,27,2.7,19,26,1.4,1.3,11.2
2022,9,3,6/17/2022,Long Island,Chrome,Waterdogs,43,36,17,0,13,17,14,0.40,0.36,8,17,0.47,5,22,0.23,9,20,0.45,8,16,0.50,37,38,5,16,0.31,10,26,0.38,5,12,0.42,2,9,0.22,4,8,17,0.53,1,6,4,6,4,0,0.67,2,1,2,1,0,28,10,27,30,11,32,12,0.5,9,7,9.202002854,,,,0.54,W,W,1,3,14,23,1.6,9,29,3.2,-1.6,14.8
2022,9,3,6/17/2022,Long Island,Waterdogs,Chrome,36,43,13,1,17,14,17,0.36,0.40,5,22,0.23,8,17,0.47,8,16,0.50,9,20,0.45,38,37,10,26,0.38,5,16,0.31,2,9,0.22,5,12,0.42,2,4,10,0.80,1,2,1,2,1,0,0.50,6,4,6,4,0,30,11,32,28,10,27,10,0.4,11,6,10.02571446,,,,0.46,L,L,0,-3,9,29,3.2,14,23,1.6,1.6,10.7
2022,10,3,6/17/2022,Long Island,Atlas,Whipsnakes,39,37,7,2,9,9,12,0.18,0.24,4,28,0.14,4,15,0.27,3,15,0.20,5,21,0.24,43,36,3,25,0.12,5,16,0.31,1,4,0.25,2,8,0.25,1,5,17,0.18,0,7,2,7,4,0,0.29,5,1,5,2,0,28,5,32,27,7,25,18,0.7,-7,5,10.60610201,,,,0.51,L,W,0,-3,14,29,2.1,13,23,1.8,0.3,13.8
2022,10,3,6/17/2022,Long Island,Whipsnakes,Atlas,37,39,9,3,7,12,9,0.24,0.18,4,15,0.27,4,28,0.14,5,21,0.24,3,15,0.20,36,43,5,16,0.31,3,25,0.12,2,8,0.25,1,4,0.25,1,7,16,0.31,1,5,1,5,2,0,0.20,7,2,7,4,0,27,7,25,28,5,32,16,0.7,-2,7,10.86591301,,,,0.49,W,L,0,3,13,23,1.8,14,29,2.1,-0.3,13.5
2022,11,3,6/18/2022,Long Island,Cannons,Archers,41,39,9,0,19,9,20,0.22,0.49,4,16,0.25,8,17,0.47,5,26,0.19,11,24,0.46,42,41,3,19,0.16,8,16,0.50,3,9,0.33,3,11,0.27,3,10,20,0.25,2,5,2,3,2,2,0.40,12,4,9,5,3,26,5,27,21,9,25,10,0.3,-6,5,8.979154791,,,,0.51,L,W,0,-11,21,21,1.0,15,26,1.7,-0.7,18.9
2022,11,3,6/18/2022,Long Island,Archers,Cannons,39,41,19,1,9,20,9,0.49,0.22,8,17,0.47,4,16,0.25,11,24,0.46,5,26,0.19,41,42,8,16,0.50,3,19,0.16,3,11,0.27,3,9,0.33,6,8,12,0.92,1,12,4,9,5,3,0.33,5,2,3,2,2,21,9,25,26,5,27,16,0.6,18,9,10.27925277,,,,0.49,W,L,0,11,15,26,1.7,21,21,1.0,0.7,13.6
2022,12,3,6/18/2022,Long Island,Redwoods,Chaos,40,37,10,1,7,11,7,0.25,0.19,5,24,0.21,1,6,0.17,5,20,0.25,6,14,0.43,44,20,5,30,0.17,3,6,0.50,4,9,0.44,3,7,0.43,1,7,13,0.38,2,4,1,4,1,0,0.25,7,1,6,1,1,35,9,40,24,6,13,8,0.5,2,5,9.997745701,,,,0.52,W,W,1,4,16,28,1.8,15,5,0.3,1.4,13.6
2022,12,3,6/18/2022,Long Island,Chaos,Redwoods,37,40,7,0,10,7,11,0.19,0.25,1,6,0.17,5,24,0.21,6,14,0.43,5,20,0.25,20,44,3,6,0.50,5,30,0.17,3,7,0.43,4,9,0.44,1,7,21,0.29,3,7,1,6,1,1,0.14,4,1,4,1,0,24,6,13,35,9,40,16,0.6,-8,4,10.1212407,,,,0.48,L,L,0,-4,15,5,0.3,16,28,1.8,-1.4,11.1
2022,13,4,6/24/2022,Baltimore,Whipsnakes,Redwoods,39,37,11,1,10,12,11,0.28,0.27,3,9,0.33,5,21,0.24,8,20,0.40,5,14,0.36,29,35,2,10,0.20,6,24,0.25,4,9,0.44,2,5,0.40,4,6,23,0.35,1,9,2,7,3,2,0.22,3,1,3,1,0,24,5,16,26,8,30,14,0.6,-4,8,10.03348176,,,,0.51,W,W,1,1,15,14,0.9,14,21,1.5,-0.6,13.1
2022,13,4,6/24/2022,Baltimore,Redwoods,Whipsnakes,37,39,10,1,11,11,12,0.27,0.28,5,21,0.24,3,9,0.33,5,14,0.36,8,20,0.40,35,29,6,24,0.25,2,10,0.20,2,5,0.40,4,9,0.44,1,4,13,0.38,2,3,1,3,1,0,0.33,9,2,7,3,2,26,8,30,24,5,16,6,0.4,2,7,10.37311449,,,,0.49,L,L,0,-1,14,21,1.5,15,14,0.9,0.6,11.5
2022,14,4,6/24/2022,Baltimore,Waterdogs,Chaos,38,38,15,3,9,18,9,0.39,0.24,4,20,0.20,4,20,0.20,11,25,0.44,5,15,0.33,45,35,4,20,0.20,3,9,0.33,6,13,0.46,0,12,0.00,2,7,12,0.92,5,8,4,7,5,1,0.50,5,2,5,2,0,27,10,33,27,2,20,10,0.5,14,7,10.62188545,,,,0.50,W,L,0,9,17,28,1.6,10,25,2.5,-0.9,13.2
2022,14,4,6/24/2022,Baltimore,Chaos,Waterdogs,38,38,9,0,15,9,18,0.24,0.39,4,20,0.20,4,20,0.20,5,15,0.33,11,25,0.44,35,45,3,9,0.33,4,20,0.20,0,12,0.00,6,13,0.46,2,3,17,0.29,0,5,2,5,2,0,0.40,8,4,7,5,1,27,2,20,27,10,33,12,0.4,-3,4,10.71020419,,,,0.50,L,L,0,-9,10,25,2.5,17,28,1.6,0.9,12.8
2022,15,4,6/25/2022,Baltimore,Cannons,Chrome,46,47,11,0,12,11,12,0.24,0.26,6,22,0.27,6,33,0.18,5,16,0.31,6,16,0.38,38,49,4,16,0.25,3,22,0.14,4,11,0.36,3,12,0.25,3,5,19,0.26,2,7,3,7,3,0,0.43,13,3,12,3,3,32,6,23,26,5,27,18,0.6,-3,6,10.76219413,,,,0.49,L,L,0,-1,15,23,1.5,#N/A,#N/A,#N/A,#N/A,13.5
2022,15,4,6/25/2022,Baltimore,Chrome,Cannons,47,46,12,0,11,12,11,0.26,0.24,6,33,0.18,6,22,0.27,6,16,0.38,5,16,0.31,49,38,3,22,0.14,4,16,0.25,3,12,0.25,4,11,0.36,1,5,17,0.35,1,13,3,12,3,3,0.23,7,3,7,3,0,26,5,27,32,6,23,14,0.6,1,9,9.130104993,,,,0.51,W,W,1,1,#N/A,#N/A,#N/A,15,23,1.5,#N/A,#N/A
2022,16,4,6/25/2022,Baltimore,Atlas,Archers,42,35,10,0,9,10,9,0.24,0.26,7,27,0.26,5,17,0.29,3,22,0.14,4,13,0.31,49,30,2,24,0.08,4,13,0.31,3,10,0.30,3,7,0.43,2,10,17,0.18,1,12,5,13,5,0,0.42,8,1,6,1,3,29,5,34,24,7,20,11,0.6,-4,6,11.07299814,,,,0.55,W,W,1,1,13,36,2.8,14,16,1.1,1.6,16.3
2022,16,4,6/25/2022,Baltimore,Archers,Atlas,35,42,9,0,10,9,10,0.26,0.24,5,17,0.29,7,27,0.26,4,13,0.31,3,22,0.14,30,49,4,13,0.31,2,24,0.08,3,7,0.43,3,10,0.30,2,5,17,0.24,2,8,1,6,1,3,0.13,12,5,13,5,0,24,7,20,29,5,34,14,0.6,-4,6,10.02888338,,,,0.45,L,L,0,-1,14,16,1.1,13,36,2.8,-1.6,12.5
2022,18,5,7/1/2022,Minnesota,Atlas,Chrome,35,34,12,2,12,14,13,0.34,0.35,4,15,0.27,6,20,0.30,8,15,0.53,6,20,0.30,30,40,6,18,0.33,7,24,0.29,1,2,0.50,1,7,0.14,3,6,17,0.47,1,9,4,8,6,1,0.44,7,3,6,3,1,23,6,19,25,8,31,12,0.5,3,7,9.981632466,,,,0.51,W,W,1,1,14,16,1.1,18,22,1.2,-0.1,11.9
2022,18,5,7/1/2022,Minnesota,Chrome,Atlas,34,35,12,1,12,13,14,0.35,0.34,6,20,0.30,4,15,0.27,6,20,0.30,8,15,0.53,40,30,7,24,0.29,6,18,0.33,1,7,0.14,1,2,0.50,3,11,8,0.75,0,7,3,6,3,1,0.43,9,4,8,6,1,25,8,31,23,6,19,6,0.3,10,7,10.07697928,,,,0.49,L,L,0,-1,18,22,1.2,14,16,1.1,0.1,12.8
2022,17,5,7/2/2022,Minnesota,Redwoods,Archers,35,33,9,0,9,9,10,0.26,0.27,4,16,0.25,1,11,0.09,5,19,0.26,8,24,0.33,35,35,4,19,0.21,3,15,0.20,3,12,0.25,5,12,0.42,1,4,15,0.33,2,1,0,0,0,1,0.00,6,0,4,0,2,28,8,33,25,8,26,12,0.6,-1,6,10.16853972,,,,0.51,L,W,0,-1,8,27,3.4,12,23,1.9,1.5,12.2
2022,17,5,7/2/2022,Minnesota,Archers,Redwoods,33,35,9,1,9,10,9,0.27,0.26,1,11,0.09,4,16,0.25,8,24,0.33,5,19,0.26,35,35,3,15,0.20,4,19,0.21,5,12,0.42,3,12,0.25,3,9,14,0.57,5,6,0,4,0,2,0.00,1,0,0,0,1,25,8,26,28,8,33,9,0.5,3,5,10.47582523,,,,0.49,W,L,0,1,12,23,1.9,8,27,3.4,-1.5,12.0
2022,19,5,7/2/2022,Minnesota,Cannons,Chaos,40,36,11,0,13,11,13,0.28,0.36,7,34,0.21,6,14,0.43,4,16,0.25,7,16,0.44,50,30,5,28,0.18,5,11,0.45,2,13,0.15,3,10,0.30,3,6,12,0.33,1,4,1,4,1,0,0.25,9,4,8,4,1,37,10,45,22,8,20,11,0.5,3,5,8.469523027,,,,0.53,L,W,0,-2,16,34,2.1,18,12,0.7,1.5,15.5
2022,19,5,7/2/2022,Minnesota,Chaos,Cannons,36,40,13,0,11,13,11,0.36,0.28,6,14,0.43,7,34,0.21,7,16,0.44,4,16,0.25,30,50,5,11,0.45,5,28,0.18,3,10,0.30,2,13,0.15,0,2,13,0.54,3,9,4,8,4,1,0.44,4,1,4,1,0,22,8,20,37,10,45,20,0.6,7,8,8.582942562,,,,0.47,W,L,0,2,18,12,0.7,16,34,2.1,-1.5,12.0
2022,20,5,7/2/2022,Minnesota,Waterdogs,Whipsnakes,36,39,11,0,9,11,10,0.31,0.23,8,28,0.29,3,20,0.15,3,22,0.14,6,25,0.24,50,45,4,25,0.16,4,22,0.18,4,9,0.44,3,11,0.27,2,11,11,0.27,1,12,2,12,2,0,0.17,6,1,7,1,0,28,9,37,30,7,33,15,0.6,3,5,10.30304658,,,,0.48,W,L,0,1,11,39,3.5,13,32,2.5,1.1,13.8
2022,20,5,7/2/2022,Minnesota,Whipsnakes,Waterdogs,39,36,9,1,11,10,11,0.23,0.31,3,20,0.15,8,28,0.29,6,25,0.24,3,22,0.14,45,50,4,22,0.18,4,25,0.16,3,11,0.27,4,9,0.44,3,12,14,0.43,2,6,1,7,1,0,0.17,12,2,12,2,0,30,7,33,28,9,37,12,0.5,1,7,10.8567964,,,,0.52,L,W,0,-1,13,32,2.5,11,39,3.5,-1.1,15.2
2022,21,7,7/23/2022,Fairfield,Redwoods,Atlas,40,39,13,3,14,16,15,0.33,0.36,6,22,0.27,6,19,0.32,7,24,0.29,8,22,0.36,46,41,7,26,0.27,7,17,0.41,3,11,0.27,4,14,0.29,1,2,13,0.54,1,6,1,7,2,0,0.17,9,1,7,1,2,25,9,32,22,9,27,16,0.5,7,8,10.15937578,,,,0.51,W,W,1,1,15,31,2.1,16,25,1.6,0.5,15.8
2022,21,7,7/23/2022,Fairfield,Atlas,Redwoods,39,40,14,1,13,15,16,0.36,0.33,6,19,0.32,6,22,0.27,8,22,0.36,7,24,0.29,41,46,7,17,0.41,7,26,0.27,4,14,0.29,3,11,0.27,3,8,13,0.62,2,9,1,7,1,2,0.11,6,1,7,2,0,22,9,27,25,9,32,16,0.6,9,9,11.37046103,,,,0.49,L,L,0,-1,16,25,1.6,15,31,2.1,-0.5,14.3
2022,22,7,7/23/2022,Fairfield,Whipsnakes,Chaos,42,36,14,0,12,14,12,0.33,0.33,11,30,0.37,5,20,0.25,3,20,0.15,7,14,0.50,50,34,9,32,0.28,5,16,0.31,3,6,0.50,1,5,0.20,1,11,10,0.30,0,8,2,8,2,0,0.25,9,3,9,3,0,30,12,37,27,8,24,7,0.4,7,9,10.67240746,,,,0.54,W,W,1,2,12,38,3.2,11,23,2.1,1.1,13.4
2022,22,7,7/23/2022,Fairfield,Chaos,Whipsnakes,36,42,12,0,14,12,14,0.33,0.33,5,20,0.25,11,30,0.37,7,14,0.50,3,20,0.15,34,50,5,16,0.31,9,32,0.28,1,5,0.20,3,6,0.50,3,4,15,0.47,1,9,3,9,3,0,0.33,8,2,8,2,0,27,8,24,30,12,37,14,0.5,4,7,10.98278557,,,,0.46,L,L,0,-2,11,23,2.1,12,38,3.2,-1.1,11.9
2022,23,7,7/24/2022,Fairfield,Archers,Cannons,48,37,17,0,11,17,12,0.35,0.30,5,17,0.29,5,21,0.24,12,26,0.46,6,11,0.55,43,32,4,13,0.31,3,15,0.20,7,15,0.47,3,9,0.33,5,13,19,0.63,5,13,6,12,6,2,0.46,6,4,6,5,0,29,10,27,26,7,24,11,0.5,10,9,10.24674266,,,,0.56,W,W,1,5,20,23,1.2,13,19,1.5,-0.3,15.4
2022,23,7,7/24/2022,Fairfield,Cannons,Archers,37,48,11,1,17,12,17,0.30,0.35,5,21,0.24,5,17,0.29,6,11,0.55,12,26,0.46,32,43,3,15,0.20,4,13,0.31,3,9,0.33,7,15,0.47,1,2,19,0.32,2,6,4,6,5,0,0.67,13,6,12,6,2,26,7,24,29,10,27,12,0.4,-2,6,9.805818678,,,,0.44,L,L,0,-5,13,19,1.5,20,23,1.2,0.3,13.2
2022,24,7,7/24/2022,Fairfield,Chrome,Waterdogs,43,41,10,0,10,10,11,0.23,0.24,3,22,0.14,3,22,0.14,7,13,0.54,7,16,0.44,35,38,2,18,0.11,0,16,0.00,2,5,0.40,5,13,0.38,4,6,21,0.33,0,13,4,8,4,5,0.31,10,3,5,4,5,25,4,23,26,6,30,15,0.6,-4,6,10.10122338,,,,0.51,L,W,0,-1,9,26,2.9,16,22,1.4,1.5,14.4
2022,24,7,7/24/2022,Fairfield,Waterdogs,Chrome,41,43,10,1,10,11,10,0.24,0.23,3,22,0.14,3,22,0.14,7,16,0.44,7,13,0.54,38,35,0,16,0.00,2,18,0.11,5,13,0.38,2,5,0.40,0,3,21,0.33,3,10,3,5,4,5,0.30,13,4,8,4,5,26,6,30,25,4,23,11,0.5,-4,7,9.583982854,,,,0.49,W,L,0,1,16,22,1.4,9,26,2.9,-1.5,14.8
2022,25,8,7/30/2022,Dallas,Atlas,Archers,43,37,13,1,9,14,9,0.30,0.24,4,9,0.44,5,19,0.26,9,19,0.47,4,15,0.27,28,34,5,15,0.33,3,12,0.25,3,4,0.75,0,6,0.00,2,6,22,0.41,3,10,3,6,4,4,0.30,9,2,8,2,1,28,10,21,23,5,21,14,0.6,0,8,9.291980073,,,,0.54,W,W,1,5,15,13,0.9,11,23,2.1,-1.2,13.7
2022,25,8,7/30/2022,Dallas,Archers,Atlas,37,43,9,0,13,9,14,0.24,0.30,5,19,0.26,4,9,0.44,4,15,0.27,9,19,0.47,34,28,3,12,0.25,5,15,0.33,0,6,0.00,3,4,0.75,2,7,16,0.25,0,9,2,8,2,1,0.22,10,3,6,4,4,23,5,21,28,10,21,6,0.3,-3,6,10.6173669,,,,0.46,L,L,0,-5,11,23,2.1,15,13,0.9,1.2,12.8
2022,26,8,7/30/2022,Dallas,Whipsnakes,Chrome,33,31,9,0,7,9,8,0.27,0.23,3,13,0.23,1,15,0.07,6,12,0.50,6,18,0.33,25,33,2,11,0.18,2,14,0.14,3,8,0.38,1,9,0.11,4,6,19,0.32,3,3,3,4,3,0,1.00,5,2,4,2,1,26,6,20,23,3,24,13,0.7,-4,7,9.530765903,,,,0.52,W,W,1,1,14,11,0.8,12,21,1.8,-1.0,12.3
2022,26,8,7/30/2022,Dallas,Chrome,Whipsnakes,31,33,7,1,9,8,9,0.23,0.27,1,15,0.07,3,13,0.23,6,18,0.33,6,12,0.50,33,25,2,14,0.14,2,11,0.18,1,9,0.11,3,8,0.38,4,8,13,0.46,0,5,2,4,2,1,0.40,3,3,4,3,0,23,3,24,26,6,20,7,0.4,0,6,9.840538032,,,,0.48,L,L,0,-1,12,21,1.8,14,11,0.8,1.0,11.2
2022,27,8,7/31/2022,Dallas,Cannons,Waterdogs,40,41,14,0,15,14,15,0.35,0.37,8,16,0.50,5,25,0.20,6,21,0.29,10,22,0.45,37,47,7,25,0.28,2,18,0.11,4,6,0.67,5,14,0.36,0,2,17,0.35,2,5,2,3,2,2,0.40,9,4,10,4,0,29,12,32,28,9,34,16,0.5,3,8,9.961882302,,,,0.49,L,L,0,-1,13,24,1.8,18,29,1.6,0.2,14.0
2022,27,8,7/31/2022,Dallas,Waterdogs,Cannons,41,40,15,0,14,15,14,0.37,0.35,5,25,0.20,8,16,0.50,10,22,0.45,6,21,0.29,47,37,2,18,0.11,7,25,0.28,5,14,0.36,4,6,0.67,2,4,10,1.00,3,9,4,10,4,0,0.44,5,2,3,2,2,28,9,34,29,12,32,9,0.4,15,9,8.945354769,,,,0.51,W,W,1,1,18,29,1.6,13,24,1.8,-0.2,15.0
2022,28,8,7/31/2022,Dallas,Chaos,Redwoods,39,40,14,0,12,14,12,0.36,0.30,5,18,0.28,6,17,0.35,9,16,0.56,6,19,0.32,34,36,8,18,0.44,7,19,0.37,4,9,0.44,1,3,0.33,4,7,17,0.53,3,5,1,3,1,2,0.20,8,2,8,2,0,29,10,25,23,6,17,14,0.5,6,7,7.876908185,,,,0.49,W,L,0,2,19,15,0.8,16,20,1.3,-0.5,15.4
2022,28,8,7/31/2022,Dallas,Redwoods,Chaos,40,39,12,0,14,12,14,0.30,0.36,6,17,0.35,5,18,0.28,6,19,0.32,9,16,0.56,36,34,7,19,0.37,8,18,0.44,1,3,0.33,4,9,0.44,5,12,15,0.40,1,8,2,8,2,0,0.25,5,1,3,1,2,23,6,17,29,10,25,8,0.4,3,6,10.86558296,,,,0.51,L,W,0,-2,16,20,1.3,19,15,0.8,0.5,13.2
2022,29,9,8/5/2022,Denver,Cannons,Redwoods,36,43,11,0,13,11,15,0.31,0.30,4,13,0.31,9,36,0.25,7,27,0.26,4,16,0.25,40,52,8,26,0.31,7,31,0.23,2,6,0.33,2,10,0.20,3,9,14,0.50,1,7,2,6,2,1,0.29,9,2,8,4,2,27,9,29,30,8,37,17,0.6,4,6,9.759078013,,,,0.46,L,L,0,-4,23,17,0.7,18,34,1.9,-1.1,15.2
2022,29,9,8/5/2022,Denver,Redwoods,Cannons,43,36,13,2,11,15,11,0.30,0.31,9,36,0.25,4,13,0.31,4,16,0.25,7,27,0.26,52,40,7,31,0.23,8,26,0.31,2,10,0.20,2,6,0.33,2,4,13,0.31,0,9,2,8,4,2,0.22,7,2,6,2,1,30,8,37,27,9,29,14,0.6,4,7,10.52961399,,,,0.54,W,W,1,4,18,34,1.9,23,17,0.7,1.1,14.7
2022,30,9,8/6/2022,Denver,Chrome,Chaos,44,40,13,0,8,13,9,0.30,0.20,6,17,0.35,5,16,0.31,7,18,0.39,3,13,0.23,35,29,6,16,0.38,2,7,0.29,4,5,0.80,2,6,0.33,3,6,19,0.37,1,12,3,10,3,3,0.25,13,1,11,1,3,32,10,23,24,5,14,12,0.6,1,8,9.460128254,,,,0.52,W,W,1,4,18,17,0.9,9,20,2.2,-1.3,14.2
2022,30,9,8/6/2022,Denver,Chaos,Chrome,40,44,8,1,13,9,13,0.20,0.30,5,16,0.31,6,17,0.35,3,13,0.23,7,18,0.39,29,35,2,7,0.29,6,16,0.38,2,6,0.33,4,5,0.80,0,3,18,0.17,0,13,1,11,1,3,0.08,12,3,10,3,3,24,5,14,32,10,23,11,0.5,-7,5,12.73951465,,,,0.48,L,L,0,-4,9,20,2.2,18,17,0.9,1.3,10.2
2022,31,9,8/6/2022,Denver,Atlas,Waterdogs,44,40,13,2,15,15,16,0.30,0.38,5,17,0.29,4,22,0.18,8,24,0.33,11,25,0.44,41,47,4,17,0.24,3,20,0.15,4,6,0.67,5,11,0.45,1,9,18,0.44,3,10,3,10,4,1,0.30,10,3,9,3,2,24,8,24,23,8,30,15,0.5,3,8,9.964322851,,,,0.52,L,W,0,-1,20,21,1.1,25,22,0.9,0.2,16.7
2022,31,9,8/6/2022,Denver,Waterdogs,Atlas,40,44,15,1,13,16,15,0.38,0.30,4,22,0.18,5,17,0.29,11,25,0.44,8,24,0.33,47,41,3,20,0.15,4,17,0.24,5,11,0.45,4,6,0.67,3,7,12,0.92,3,10,3,9,3,2,0.30,10,3,10,4,1,23,8,30,24,8,24,16,0.6,14,9,8.588053054,,,,0.48,W,L,0,1,25,22,0.9,20,21,1.1,-0.2,16.9
2022,32,9,8/6/2022,Denver,Whipsnakes,Archers,43,31,13,0,10,13,11,0.30,0.32,8,29,0.28,3,9,0.33,5,18,0.28,7,23,0.30,47,32,4,19,0.21,5,15,0.33,5,15,0.33,2,4,0.50,5,10,17,0.29,2,8,2,7,2,1,0.25,7,1,7,1,0,31,10,33,23,8,21,13,0.6,1,6,8.992578191,,,,0.58,W,W,1,2,20,27,1.4,12,20,1.7,-0.3,16.6
2022,32,9,8/6/2022,Denver,Archers,Whipsnakes,31,43,10,1,13,11,13,0.32,0.30,3,9,0.33,8,29,0.28,7,23,0.30,5,18,0.28,32,47,5,15,0.33,4,19,0.21,2,4,0.50,5,15,0.33,2,4,12,0.58,2,7,1,7,1,0,0.14,8,2,7,2,1,23,8,21,31,10,33,15,0.5,5,7,10.36321614,,,,0.42,L,L,0,-2,12,20,1.7,20,27,1.4,0.3,10.7
2022,33,10,8/12/2022,Salt Lake City,Atlas,Whipsnakes,37,37,7,1,16,8,16,0.19,0.43,2,22,0.09,9,25,0.36,5,16,0.31,7,20,0.35,38,45,4,17,0.24,6,18,0.33,1,8,0.13,7,19,0.37,1,5,15,0.33,1,12,1,11,2,2,0.08,6,2,5,2,1,22,5,22,29,12,33,16,0.5,-3,7,9.531804582,,,,0.50,L,L,0,-8,15,23,1.5,18,27,1.5,0.0,13.2
2022,33,10,8/12/2022,Salt Lake City,Whipsnakes,Atlas,37,37,16,0,7,16,8,0.43,0.19,9,25,0.36,2,22,0.09,7,20,0.35,5,16,0.31,45,38,6,18,0.33,4,17,0.24,7,19,0.37,1,8,0.13,4,9,11,0.64,3,6,2,5,2,1,0.33,12,1,11,2,2,29,12,33,22,5,22,17,0.7,12,8,9.30345329,,,,0.50,W,L,0,8,18,27,1.5,15,23,1.5,0.0,16.0
2022,34,10,8/12/2022,Salt Lake City,Redwoods,Waterdogs,42,37,14,0,11,14,12,0.33,0.30,3,9,0.33,5,25,0.20,11,20,0.55,6,22,0.27,29,47,8,18,0.44,6,21,0.29,1,2,0.50,0,10,0.00,3,3,17,0.65,1,7,3,5,3,2,0.43,8,1,8,1,1,27,9,20,25,9,36,11,0.5,8,8,11.15815081,,,,0.53,W,W,1,2,9,20,2.2,17,30,1.8,0.5,11.3
2022,34,10,8/12/2022,Salt Lake City,Waterdogs,Redwoods,37,42,11,1,14,12,14,0.30,0.33,5,25,0.20,3,9,0.33,6,22,0.27,11,20,0.55,47,29,6,21,0.29,8,18,0.44,0,10,0.00,1,2,0.50,3,9,15,0.40,0,8,1,8,1,1,0.13,7,3,5,3,2,25,9,36,27,9,20,9,0.4,2,7,10.12091213,,,,0.47,L,L,0,-2,17,30,1.8,9,20,2.2,-0.5,16.6
2022,35,10,8/13/2022,Salt Lake City,Archers,Chaos,35,34,10,1,8,11,8,0.29,0.24,4,22,0.18,3,16,0.19,6,25,0.24,5,17,0.29,47,33,3,18,0.17,4,15,0.27,4,20,0.20,3,8,0.38,4,5,7,0.86,2,4,0,4,0,1,0.00,11,1,9,1,2,28,8,40,22,7,24,7,0.5,9,4,10.23939747,,,,0.51,W,W,1,3,12,35,2.9,9,24,2.7,0.3,12.5
2022,35,10,8/13/2022,Salt Lake City,Chaos,Archers,34,35,8,0,10,8,11,0.24,0.29,3,16,0.19,4,22,0.18,5,17,0.29,6,25,0.24,33,47,4,15,0.27,3,18,0.17,3,8,0.38,4,20,0.20,0,4,17,0.29,1,11,1,9,1,2,0.09,4,0,4,0,1,22,7,24,28,8,40,21,0.7,-4,5,11.03594709,,,,0.49,L,L,0,-3,9,24,2.7,12,35,2.9,-0.3,12.0
2022,36,10,8/13/2022,Salt Lake City,Chrome,Cannons,36,36,11,0,9,11,9,0.31,0.25,6,18,0.33,2,15,0.13,5,15,0.33,7,25,0.28,33,40,5,18,0.28,6,22,0.27,2,6,0.33,3,13,0.23,1,4,14,0.36,1,8,2,7,2,1,0.25,6,1,5,1,1,25,6,21,28,7,32,19,0.7,2,6,9.95283562,,,,0.50,W,L,0,2,13,20,1.5,20,20,1.0,0.5,11.2
2022,36,10,8/13/2022,Salt Lake City,Cannons,Chrome,36,36,9,0,11,9,11,0.25,0.31,2,15,0.13,6,18,0.33,7,25,0.28,5,15,0.33,40,33,6,22,0.27,5,18,0.28,3,13,0.23,2,6,0.33,2,7,12,0.58,3,6,1,5,1,1,0.17,8,2,7,2,1,28,7,32,25,6,21,10,0.5,4,7,9.372050922,,,,0.50,L,L,0,-2,20,20,1.0,13,20,1.5,-0.5,13.9
2022,37,11,8/20/2022,Seattle,Chrome,Redwoods,39,36,13,0,11,13,12,0.33,0.31,3,10,0.30,8,23,0.35,10,18,0.56,3,16,0.19,28,39,6,15,0.40,9,28,0.32,3,7,0.43,2,6,0.33,3,5,20,0.50,1,7,3,5,3,2,0.43,4,0,2,0,2,25,9,22,30,11,34,11,0.5,3,9,9.023792092,,,,0.52,W,W,1,1,12,16,1.3,12,27,2.3,-0.9,13.3
2022,37,11,8/20/2022,Seattle,Redwoods,Chrome,36,39,11,1,13,12,13,0.31,0.33,8,23,0.35,3,10,0.30,3,16,0.19,10,18,0.56,39,28,9,28,0.32,6,15,0.40,2,6,0.33,3,7,0.43,0,3,12,0.25,0,4,0,2,0,2,0.00,7,3,5,3,2,30,11,34,25,9,22,8,0.4,2,6,9.973695116,,,,0.48,L,L,0,-1,12,27,2.3,12,16,1.3,0.9,11.6
2022,38,11,8/20/2022,Seattle,Waterdogs,Archers,45,41,12,0,15,12,16,0.27,0.37,4,16,0.25,8,22,0.36,8,24,0.33,7,19,0.37,40,41,7,23,0.30,4,13,0.31,1,6,0.17,4,11,0.36,1,2,20,0.40,1,6,2,4,2,2,0.33,13,6,13,7,0,30,8,31,27,9,25,14,0.5,0,5,10.12413278,,,,0.52,L,W,0,-4,16,24,1.5,16,25,1.6,-0.1,16.1
2022,38,11,8/20/2022,Seattle,Archers,Waterdogs,41,45,15,1,12,16,12,0.37,0.27,8,22,0.36,4,16,0.25,7,19,0.37,8,24,0.33,41,40,4,13,0.31,7,23,0.30,4,11,0.36,1,6,0.17,4,8,12,0.58,1,13,6,13,7,0,0.46,6,2,4,2,2,27,9,25,30,8,31,13,0.5,10,6,10.50515463,,,,0.48,W,L,0,4,16,25,1.6,16,24,1.5,0.1,14.5
2022,39,11,8/21/2022,Seattle,Whipsnakes,Cannons,37,34,8,2,8,10,8,0.22,0.24,4,21,0.19,5,22,0.23,4,22,0.18,3,16,0.19,43,38,2,20,0.10,6,16,0.38,4,14,0.29,1,12,0.08,1,8,18,0.22,1,6,0,4,0,2,0.00,2,0,2,0,0,28,6,31,29,7,30,7,0.5,-6,6,10.04631046,,,,0.52,W,W,1,2,15,28,1.9,5,33,6.6,-4.7,16.1
2022,39,11,8/21/2022,Seattle,Cannons,Whipsnakes,34,37,8,0,8,8,10,0.24,0.22,5,22,0.23,4,21,0.19,3,16,0.19,4,22,0.18,38,43,6,16,0.38,2,20,0.10,1,12,0.08,4,14,0.29,2,3,14,0.21,0,2,0,2,0,0,0.00,6,0,4,0,2,29,7,30,28,6,31,9,0.5,-3,6,10.04603147,,,,0.48,L,L,0,-2,5,33,6.6,15,28,1.9,4.7,11.6
2022,40,11,8/21/2022,Seattle,Atlas,Chaos,40,36,9,1,9,10,9,0.23,0.25,3,19,0.16,3,22,0.14,6,19,0.32,6,16,0.38,38,38,4,15,0.27,2,20,0.10,0,3,0.00,3,6,0.50,0,5,21,0.29,0,12,1,8,1,4,0.08,7,2,5,2,2,23,5,20,21,5,28,11,0.6,-6,6,10.29672227,,,,0.53,W,W,1,1,16,22,1.4,12,26,2.2,-0.8,13.5
2022,40,11,8/21/2022,Seattle,Chaos,Atlas,36,40,9,0,9,9,10,0.25,0.23,3,22,0.14,3,19,0.16,6,16,0.38,6,19,0.32,38,38,2,20,0.10,4,15,0.27,3,6,0.50,0,3,0.00,2,4,18,0.33,3,7,2,5,2,2,0.29,12,1,8,1,4,21,5,28,23,5,20,6,0.4,-3,6,9.394546766,,,,0.47,L,L,0,-1,12,26,2.2,16,22,1.4,0.8,14.6
2022,43,12,9/3/2022,Boston,Chrome,Chaos,30,37,3,0,11,3,11,0.10,0.30,1,13,0.08,6,17,0.35,2,20,0.10,5,20,0.25,33,37,2,18,0.11,6,22,0.27,0,3,0.00,4,9,0.44,1,8,14,0.14,0,8,0,8,0,0,0.00,6,0,5,0,1,21,2,18,30,9,30,13,0.5,-9,2,10.82595903,,,,0.45,L,L,0,-8,13,20,1.5,14,23,1.6,-0.1,11.4
2022,43,12,9/3/2022,Boston,Chaos,Chrome,37,30,11,0,3,11,3,0.30,0.10,6,17,0.35,1,13,0.08,5,20,0.25,2,20,0.10,37,33,6,22,0.27,2,18,0.11,4,9,0.44,0,3,0.00,2,6,13,0.38,3,6,0,5,0,1,0.00,8,0,8,0,0,30,9,30,21,2,18,11,0.8,3,6,10.07197425,,,,0.55,W,W,1,8,14,23,1.6,13,20,1.5,0.1,12.7
2022,44,12,9/3/2022,Boston,Archers,Redwoods,37,37,13,0,8,13,8,0.35,0.22,5,18,0.28,5,27,0.19,8,18,0.44,3,10,0.30,36,37,6,16,0.38,8,27,0.30,5,13,0.38,0,5,0.00,3,4,15,0.53,4,6,3,5,3,1,0.50,3,0,3,0,0,29,10,29,31,8,33,12,0.6,6,7,9.359274561,,,,0.50,W,L,0,5,13,23,1.8,8,29,3.6,-1.9,13.9
2022,44,12,9/3/2022,Boston,Redwoods,Archers,37,37,8,0,13,8,13,0.22,0.35,5,27,0.19,5,18,0.28,3,10,0.30,8,18,0.44,37,36,8,27,0.30,6,16,0.38,0,5,0.00,5,13,0.38,1,3,14,0.21,0,3,0,3,0,0,0.00,6,3,5,3,1,31,8,33,29,10,29,9,0.4,-3,4,10.43313809,,,,0.50,L,L,0,-5,8,29,3.6,13,23,1.8,1.9,12.7
2022,46,13,9/11/2022,D.C.,Waterdogs,Whipsnakes,39,41,11,0,10,11,10,0.28,0.24,5,18,0.28,6,23,0.26,6,13,0.46,4,19,0.21,31,42,6,14,0.43,3,14,0.21,2,9,0.22,5,17,0.29,2,3,18,0.33,0,8,3,7,3,1,0.38,7,2,5,2,2,26,8,22,28,8,31,18,0.6,-1,6,9.416775097,,,,0.49,W,L,0,1,10,21,2.1,14,28,2.0,0.1,11.6
2022,46,13,9/11/2022,D.C.,Whipsnakes,Waterdogs,41,39,10,0,11,10,11,0.24,0.28,6,23,0.26,5,18,0.28,4,19,0.21,6,13,0.46,42,31,3,14,0.21,6,14,0.43,5,17,0.29,2,9,0.22,2,6,15,0.27,2,7,2,5,2,2,0.29,8,3,7,3,1,28,8,31,26,8,22,11,0.5,-1,7,10.71746646,,,,0.51,L,W,0,-1,14,28,2.0,10,21,2.1,-0.1,15.0
2022,47,13,9/11/2022,DC,Archers,Chaos,35,39,7,0,9,7,9,0.20,0.23,5,24,0.21,7,23,0.30,2,17,0.12,2,16,0.13,41,39,2,17,0.12,5,17,0.29,2,15,0.13,2,12,0.17,2,4,9,0.22,1,6,1,4,1,2,0.17,4,0,3,0,1,26,6,33,29,7,30,11,0.6,0,5,11.28210131,,,,0.47,L,L,0,-2,9,32,3.6,11,28,2.5,1.0,10.7
2022,47,13,9/11/2022,DC,Chaos,Archers,39,35,9,0,7,9,7,0.23,0.20,7,23,0.30,5,24,0.21,2,16,0.13,2,17,0.12,39,41,5,17,0.29,2,17,0.12,2,12,0.17,2,15,0.13,2,3,19,0.11,1,4,0,3,0,1,0.00,6,1,4,1,2,29,7,30,26,6,33,14,0.7,-8,5,10.23992301,,,,0.53,W,W,1,2,11,28,2.5,9,32,3.6,-1.0,14.7
2022,48,14,9/18/2022,Philadelphia,Waterdogs,Chaos,42,34,11,0,8,11,9,0.26,0.24,7,23,0.30,3,15,0.20,4,16,0.25,5,23,0.22,39,38,4,13,0.31,3,20,0.15,4,13,0.31,2,8,0.25,2,4,17,0.24,0,11,2,11,2,1,0.18,12,2,13,3,1,28,7,24,23,6,23,12,0.6,-2,6,10.16160066,,,,0.55,W,W,1,2,10,29,2.9,9,29,3.2,-0.3,12.7
2022,48,14,9/18/2022,Philadelphia,Chaos,Waterdogs,34,42,8,1,11,9,11,0.24,0.26,3,15,0.20,7,23,0.30,5,23,0.22,4,16,0.25,38,39,3,20,0.15,4,13,0.31,2,8,0.25,4,13,0.31,0,4,13,0.38,1,12,2,13,3,1,0.17,11,2,11,2,1,23,6,23,28,7,24,15,0.6,0,6,12.19008148,,,,0.45,L,L,0,-2,9,29,3.2,10,29,2.9,0.3,11.7